sample_id,class_name,relative_path,manifest_sha256,computed_sha256,sha256_match,image_width,image_height,bbox_x1,bbox_y1,bbox_x2,bbox_y2,inference_success,num_keypoints,finite_keypoints,finite_rate,in_bounds_keypoints,in_bounds_rate,score_threshold,visible_keypoints,visible_rate,score_min,score_p10,score_mean,score_median,score_p90,score_max,inference_ms,overlay_path,error_type,error_message,review_label,manual_valid,eyes_fit,eyebrows_fit,mouth_fit,open_mouth_response,template_risk,review_notes
angry_001,angry,angry/Training_69562893.jpg,1a1babb285cad01d5437b95bba7826a13d083654122146623f2ba59b38a1242e,1a1babb285cad01d5437b95bba7826a13d083654122146623f2ba59b38a1242e,True,48,48,0.0,0.0,47.0,47.0,True,106,106,1.0,106,1.0,0.2,106,1.0,0.25214552879333496,0.39871397614479065,0.5665580630302429,0.5667951703071594,0.7144875228404999,0.8463760614395142,114.64360000172746,overlays\angry_001.png,,,acceptable,1,acceptable,acceptable,good,acceptable,mild,"Strong profile; visible landmarks fit well, but the self-occluded contour is estimated."
angry_002,angry,angry/Training_20445632.jpg,5839d23673bbd32b859f31fbeead6c2d4c258faa6e8b086f5640602e7a453e67,5839d23673bbd32b859f31fbeead6c2d4c258faa6e8b086f5640602e7a453e67,True,48,48,0.0,0.0,47.0,47.0,True,106,106,1.0,106,1.0,0.2,106,1.0,0.3648947477340698,0.42996490001678467,0.672161340713501,0.6425771713256836,0.9456006586551666,0.9885931015014648,108.30560000249534,overlays\angry_002.png,,,good,1,good,good,good,not_applicable,none,"Clear frontal face with good alignment around the eyes, brows, nose, mouth, and contour."
angry_003,angry,angry/Training_12604769.jpg,05ae396016b0dd5627e6eaecc8d8b7b3571db86ece16b4c58396ea741897503a,05ae396016b0dd5627e6eaecc8d8b7b3571db86ece16b4c58396ea741897503a,True,48,48,0.0,0.0,47.0,47.0,True,106,106,1.0,106,1.0,0.2,106,1.0,0.4297407865524292,0.521740049123764,0.7220403552055359,0.6928762793540955,0.9667945206165314,1.1122488975524902,110.53140000149142,overlays\angry_003.png,,,good,1,good,good,good,not_applicable,none,"Slight head rotation, but the visible facial landmarks remain well aligned."
angry_004,angry,angry/Training_79059604.jpg,a3a0c81ed84d402aec9d37df1cb4baac93d61d738f964ef140c0bdb0402798fc,a3a0c81ed84d402aec9d37df1cb4baac93d61d738f964ef140c0bdb0402798fc,True,48,48,0.0,0.0,47.0,47.0,True,106,106,1.0,106,1.0,0.2,106,1.0,0.5740809440612793,0.6571044921875,0.7945166826248169,0.7866539359092712,0.9346422255039215,1.021979808807373,109.80729999937466,overlays\angry_004.png,,,good,1,good,good,good,not_applicable,none,Frontal face with consistently accurate landmark placement.
angry_005,angry,angry/Training_35447240.jpg,6cbd7c0ec7e1920a8f83c2947c646f204e8e28c1e04f20d50e92353a2c9985d4,6cbd7c0ec7e1920a8f83c2947c646f204e8e28c1e04f20d50e92353a2c9985d4,True,48,48,0.0,0.0,47.0,47.0,True,106,106,1.0,106,1.0,0.2,106,1.0,0.4444076418876648,0.5311765968799591,0.7067007422447205,0.6957296133041382,0.923265665769577,0.9843658208847046,105.21169999992708,overlays\angry_005.png,,,good,1,good,good,good,not_applicable,none,Good overall fit despite mild blur and a small head tilt.
disgust_001,disgust,disgust/Training_49158638.jpg,8a6039e513d00fff41aa22f564b16f354500d74fa902ec53dc0f99adfeee3ae3,8a6039e513d00fff41aa22f564b16f354500d74fa902ec53dc0f99adfeee3ae3,True,48,48,0.0,0.0,47.0,47.0,True,106,106,1.0,89,0.839622641509434,0.2,106,1.0,0.5348409414291382,0.5696271657943726,0.6907134056091309,0.6828452348709106,0.8495288491249084,0.9250003099441528,107.31160000068485,overlays\disgust_001.png,,,acceptable,1,good,good,good,acceptable,mild,"Large roll angle and tight crop; visible features fit, while part of the contour is extrapolated."
disgust_002,disgust,disgust/Training_20847777.jpg,27ecb6a984b9182c35117d49de0e77e404edb0c05b46797b4abf9cf213b27b7a,27ecb6a984b9182c35117d49de0e77e404edb0c05b46797b4abf9cf213b27b7a,True,48,48,0.0,0.0,47.0,47.0,True,106,106,1.0,95,0.8962264150943396,0.2,106,1.0,0.39427605271339417,0.4986897259950638,0.6465502381324768,0.6332697868347168,0.8410578072071075,0.896094560623169,110.00760000024457,overlays\disgust_002.png,,,good,1,good,good,good,good,none,Clear open-mouth response and good alignment across all visible facial regions.
disgust_003,disgust,disgust/Training_19915172.jpg,38af3ba40e631d4d4f6379d0f517c92dcfaa5c2c239dbb512649e21a4f3e2711,38af3ba40e631d4d4f6379d0f517c92dcfaa5c2c239dbb512649e21a4f3e2711,True,48,48,0.0,0.0,47.0,47.0,True,106,106,1.0,103,0.9716981132075472,0.2,106,1.0,0.41405272483825684,0.47845104336738586,0.6679217219352722,0.6426717042922974,0.8916862607002258,0.9612257480621338,116.54170000110753,overlays\disgust_003.png,,,good,1,good,good,good,not_applicable,none,"Frontal face with strong eye, brow, nose, mouth, and contour alignment."
disgust_004,disgust,disgust/Training_53960771.jpg,5f2cb571339100c625ea9239c198a869c7caab9413bbbe213b0a30f8fed11ac8,5f2cb571339100c625ea9239c198a869c7caab9413bbbe213b0a30f8fed11ac8,True,48,48,0.0,0.0,47.0,47.0,True,106,106,1.0,93,0.8773584905660378,0.2,106,1.0,0.5622135400772095,0.618900328874588,0.7276012301445007,0.7315327525138855,0.8172664642333984,0.9157474040985107,102.28090000236989,overlays\disgust_004.png,,,acceptable,1,occluded,occluded,good,not_applicable,mild,"Strong profile; visible-side landmarks are useful, but the hidden side and contour are estimated."
disgust_005,disgust,disgust/Training_2036746.jpg,887f574670c1a6c705699867d7ac63ccf7fc5bb477a45a61760894fbc3fb39aa,887f574670c1a6c705699867d7ac63ccf7fc5bb477a45a61760894fbc3fb39aa,True,48,48,0.0,0.0,47.0,47.0,True,106,106,1.0,94,0.8867924528301887,0.2,106,1.0,0.41353100538253784,0.4769861698150635,0.6702499985694885,0.6482337117195129,0.9057232141494751,0.9546471834182739,101.32299999895622,overlays\disgust_005.png,,,good,1,good,good,good,not_applicable,none,Good frontal alignment with a reliable mouth and eye-region fit.
fear_001,fear,fear/Training_41514601.jpg,ad4f2d19f55d34c698c97b8a1bec65eb641af0236eb7b2f2423f54b3b3503a4e,ad4f2d19f55d34c698c97b8a1bec65eb641af0236eb7b2f2423f54b3b3503a4e,True,48,48,0.0,0.0,47.0,47.0,True,106,106,1.0,98,0.9245283018867925,0.2,106,1.0,0.3899068534374237,0.5010582506656647,0.6242995858192444,0.5832029581069946,0.8078246712684631,0.8795381784439087,101.19539999868721,overlays\fear_001.png,,,good,1,good,good,good,good,none,Wide eyes and open mouth are captured clearly; the hand near the chin does not disrupt the main landmarks.
fear_002,fear,fear/Training_54981345.jpg,9b1c845282ceee33e21b8995cea83d0c123188409012bd7ea0b8e05615e47cc0,9b1c845282ceee33e21b8995cea83d0c123188409012bd7ea0b8e05615e47cc0,True,48,48,0.0,0.0,47.0,47.0,True,106,106,1.0,103,0.9716981132075472,0.2,99,0.9339622641509434,0.08114956319332123,0.2654712647199631,0.4904569089412689,0.5084515810012817,0.6868399977684021,0.7652004957199097,102.42769999968004,overlays\fear_002.png,,,acceptable,1,occluded,occluded,acceptable,not_applicable,mild,"Heavy hand occlusion; the visible side is usable, but landmarks on the covered eye region are inferred."
fear_003,fear,fear/Training_40388327.jpg,b5cda9fc1c569069b586fa5230d9314884975f7f85bc919bafd1935e826ce832,b5cda9fc1c569069b586fa5230d9314884975f7f85bc919bafd1935e826ce832,True,48,48,0.0,0.0,47.0,47.0,True,106,106,1.0,85,0.8018867924528302,0.2,106,1.0,0.26863035559654236,0.37767012417316437,0.6097603440284729,0.5943661332130432,0.824455201625824,0.9210096597671509,109.01880000164965,overlays\fear_003.png,,,acceptable,1,good,acceptable,good,not_applicable,mild,"Very tight crop and low contrast; central features align, but several contour points extend beyond the frame."
fear_004,fear,fear/Training_93653810.jpg,969e50d07373399c151e135e8eb592ba09af55c8ac0dd6b7b1a1855fac123190,969e50d07373399c151e135e8eb592ba09af55c8ac0dd6b7b1a1855fac123190,True,48,48,0.0,0.0,47.0,47.0,True,106,106,1.0,91,0.8584905660377359,0.2,106,1.0,0.47657299041748047,0.5573800802230835,0.6949036717414856,0.6850380897521973,0.8652682304382324,0.9798240661621094,104.47460000068531,overlays\fear_004.png,,,good,1,good,good,good,not_applicable,none,Glasses do not materially disturb the eye landmarks; overall alignment is good.
fear_005,fear,fear/Training_78770702.jpg,6b32373668ba6ef052016c85420552833fca59df1f25514a700545add2c989b5,6b32373668ba6ef052016c85420552833fca59df1f25514a700545add2c989b5,True,48,48,0.0,0.0,47.0,47.0,True,106,106,1.0,104,0.9811320754716981,0.2,106,1.0,0.5505619049072266,0.6248287260532379,0.7431314587593079,0.733931839466095,0.915198802947998,0.9844696521759033,99.78709999995772,overlays\fear_005.png,,,good,1,good,good,good,not_applicable,none,"Good fit on a mildly rotated face, including the eyes and mouth."
happy_001,happy,happy/Training_25566250.jpg,5adb8c6ee17f40d912bb9a3ee94e22adbf34f21537ff404106d5f10385c8da8a,5adb8c6ee17f40d912bb9a3ee94e22adbf34f21537ff404106d5f10385c8da8a,True,48,48,0.0,0.0,47.0,47.0,True,106,106,1.0,83,0.7830188679245284,0.2,106,1.0,0.22195011377334595,0.36164696514606476,0.5500912666320801,0.5299615859985352,0.7963253259658813,0.8683234453201294,106.61230000187061,overlays\happy_001.png,,,acceptable,1,acceptable,acceptable,good,good,mild,"Strong profile and tight crop; the smile is captured well, while the hidden contour is estimated."
happy_002,happy,happy/Training_56416885.jpg,273a9b0c1191533de1be4155283c886e654cbf29bf53b76d68be7ce95679d97e,273a9b0c1191533de1be4155283c886e654cbf29bf53b76d68be7ce95679d97e,True,48,48,0.0,0.0,47.0,47.0,True,106,106,1.0,103,0.9716981132075472,0.2,106,1.0,0.4168848991394043,0.5064862966537476,0.6869320869445801,0.645270824432373,0.9225907921791077,0.9892774224281311,102.79979999904754,overlays\happy_002.png,,,good,1,good,good,good,not_applicable,none,Clear frontal face with good landmark placement and smile response.
happy_003,happy,happy/Training_1027250.jpg,60d0da158e9e0ce2b8f03a3c2feac99f0605c7cabcd8f4e3de084d4b3beca46a,60d0da158e9e0ce2b8f03a3c2feac99f0605c7cabcd8f4e3de084d4b3beca46a,True,48,48,0.0,0.0,47.0,47.0,True,106,106,1.0,101,0.9528301886792453,0.2,106,1.0,0.5525214672088623,0.6183289885520935,0.7604821920394897,0.753696858882904,0.9201032519340515,0.9637932777404785,105.98449999815784,overlays\happy_003.png,,,good,1,good,good,good,good,none,"Rotated face, but the eyes and open smile are tracked accurately."
happy_004,happy,happy/Training_83878071.jpg,efb9b8896f320c18046c1831bae2d47e9619ed2cf810cbb2c22f93e5b9d4146a,efb9b8896f320c18046c1831bae2d47e9619ed2cf810cbb2c22f93e5b9d4146a,True,48,48,0.0,0.0,47.0,47.0,True,106,106,1.0,101,0.9528301886792453,0.2,106,1.0,0.47719627618789673,0.6035356521606445,0.7375383973121643,0.7191343307495117,0.9156787395477295,1.0040699243545532,103.18420000112383,overlays\happy_004.png,,,good,1,good,good,good,not_applicable,none,Good overall alignment on a slightly rotated face.
happy_005,happy,happy/Training_99396547.jpg,3de241f1e55e801a13dfea25575e0c54d4c88864a28380e20d63f2345995e5ee,3de241f1e55e801a13dfea25575e0c54d4c88864a28380e20d63f2345995e5ee,True,48,48,0.0,0.0,47.0,47.0,True,106,106,1.0,104,0.9811320754716981,0.2,106,1.0,0.33388227224349976,0.453778401017189,0.6798233389854431,0.6751806735992432,0.9323632717132568,1.0363621711730957,100.17510000034235,overlays\happy_005.png,,,good,1,good,good,good,not_applicable,none,"Mild tilt and blur, but the landmark geometry remains reliable."
neutral_001,neutral,neutral/Training_27832558.jpg,a67aea10339a3645ed03b0e35e8c61466f986de6c373d5bf4cb28c5d9920da35,a67aea10339a3645ed03b0e35e8c61466f986de6c373d5bf4cb28c5d9920da35,True,48,48,0.0,0.0,47.0,47.0,True,106,106,1.0,106,1.0,0.2,106,1.0,0.5451798439025879,0.6133334338665009,0.6913760900497437,0.6904141306877136,0.7702642679214478,0.8419662117958069,102.03009999895585,overlays\neutral_001.png,,,acceptable,1,acceptable,acceptable,good,not_applicable,mild,"Noticeable roll angle; visible features fit, but some contour placement is extrapolated."
neutral_002,neutral,neutral/Training_28120071.jpg,662e023f0335bc81f308efac8814186800a9633e6bb168daadffc8475866702b,662e023f0335bc81f308efac8814186800a9633e6bb168daadffc8475866702b,True,48,48,0.0,0.0,47.0,47.0,True,106,106,1.0,100,0.9433962264150944,0.2,106,1.0,0.40508604049682617,0.47913984954357147,0.6589930057525635,0.6395422220230103,0.8753228783607483,0.9502322673797607,103.98709999935818,overlays\neutral_002.png,,,good,1,good,good,good,not_applicable,none,Clear and stable landmark placement across the face.
neutral_003,neutral,neutral/Training_80808476.jpg,f575338e579458d82e144fbe16a59658970de83c992bf783ff95f82de5981055,f575338e579458d82e144fbe16a59658970de83c992bf783ff95f82de5981055,True,48,48,0.0,0.0,47.0,47.0,True,106,106,1.0,106,1.0,0.2,106,1.0,0.4637327194213867,0.5758574903011322,0.7785366177558899,0.7581068277359009,0.975266844034195,1.0850486755371094,101.64409999924828,overlays\neutral_003.png,,,acceptable,1,good,good,good,not_applicable,mild,"Moderate head rotation and crop; central features are good, with minor contour extrapolation."
neutral_004,neutral,neutral/Training_91747126.jpg,265c4f2c1f2e8d6124e17b651128c38a61695c702682da472e0dc3ab41a44f7f,265c4f2c1f2e8d6124e17b651128c38a61695c702682da472e0dc3ab41a44f7f,True,48,48,0.0,0.0,47.0,47.0,True,106,106,1.0,95,0.8962264150943396,0.2,106,1.0,0.35079890489578247,0.46091924607753754,0.6538884043693542,0.6582415103912354,0.8555471003055573,0.9828230142593384,101.4701000021887,overlays\neutral_004.png,,,good,1,good,good,good,good,none,Face markings and low contrast do not prevent good landmark alignment.
neutral_005,neutral,neutral/Training_33952297.jpg,9c8c6016e82686486c20430e9a9dac9ca246019094725acc9c31b23bb4f99163,9c8c6016e82686486c20430e9a9dac9ca246019094725acc9c31b23bb4f99163,True,48,48,0.0,0.0,47.0,47.0,True,106,106,1.0,87,0.8207547169811321,0.2,106,1.0,0.33211344480514526,0.4452555775642395,0.6067351698875427,0.5882431268692017,0.8025415539741516,0.8439894318580627,126.0273000007146,overlays\neutral_005.png,,,acceptable,1,good,acceptable,good,good,mild,"Extremely tight crop; the open mouth is captured, but several contour points lie outside the image."
sad_001,sad,sad/Training_24268864.jpg,b7b3fac398b541b231625fb328c6ce458e42296b8ea306e846761d77246d0df9,b7b3fac398b541b231625fb328c6ce458e42296b8ea306e846761d77246d0df9,True,48,48,0.0,0.0,47.0,47.0,True,106,106,1.0,106,1.0,0.2,106,1.0,0.4546433091163635,0.550357460975647,0.6917359828948975,0.655632495880127,0.8880465030670166,0.9424019455909729,103.34789999978966,overlays\sad_001.png,,,good,1,good,good,good,not_applicable,none,Good frontal fit with reliable eye and mouth geometry.
sad_002,sad,sad/Training_7513470.jpg,623be3f142f7b57648ae28906a5fc4d43bf88b4375eaea8df47121fda8577e59,623be3f142f7b57648ae28906a5fc4d43bf88b4375eaea8df47121fda8577e59,True,48,48,0.0,0.0,47.0,47.0,True,106,106,1.0,106,1.0,0.2,106,1.0,0.4989737570285797,0.5913811922073364,0.7044843435287476,0.6963304281234741,0.8497487306594849,0.9668489694595337,105.0816000024497,overlays\sad_002.png,,,good,1,good,good,good,not_applicable,none,Good alignment despite wrinkles and moderate blur.
sad_003,sad,sad/Training_63693107.jpg,8201e1fd235bcc7a6bb9fc808aa6279f7c0f8844b25d734cdaf384b10ae4a2bb,8201e1fd235bcc7a6bb9fc808aa6279f7c0f8844b25d734cdaf384b10ae4a2bb,True,48,48,0.0,0.0,47.0,47.0,True,106,106,1.0,96,0.9056603773584906,0.2,106,1.0,0.2874853014945984,0.33442217111587524,0.5421839356422424,0.5448638200759888,0.7590883374214172,0.8048765659332275,103.25790000206325,overlays\sad_003.png,,,acceptable,1,acceptable,acceptable,acceptable,acceptable,mild,Low contrast and strong facial texture; landmarks are usable but less precise around the mouth and brows.
sad_004,sad,sad/Training_73972027.jpg,2d531a6fe3eb23e71b223435974d44955aaffecbb6d37805716e8a76f511b726,2d531a6fe3eb23e71b223435974d44955aaffecbb6d37805716e8a76f511b726,True,48,48,0.0,0.0,47.0,47.0,True,106,106,1.0,85,0.8018867924528302,0.2,106,1.0,0.3342096209526062,0.4484090805053711,0.5792276263237,0.5982202291488647,0.7025642693042755,0.8054370284080505,112.22660000203177,overlays\sad_004.png,,,acceptable,1,occluded,occluded,good,not_applicable,mild,"Strong profile and crop; visible-side landmarks fit, while the hidden eye region and contour are inferred."
sad_005,sad,sad/Training_72295557.jpg,9fe83bed4f1dd99e74214e43fa7bac4a01f505d2e7d82246d91d30ceef3c829f,9fe83bed4f1dd99e74214e43fa7bac4a01f505d2e7d82246d91d30ceef3c829f,True,48,48,0.0,0.0,47.0,47.0,True,106,106,1.0,83,0.7830188679245284,0.2,106,1.0,0.2387847900390625,0.3421154320240021,0.4717887341976166,0.4834789037704468,0.5940094590187073,0.6484547853469849,103.45059999963269,overlays\sad_005.png,,,acceptable,1,occluded,occluded,acceptable,acceptable,mild,"Severe profile and partial face crop; visible landmarks are plausible, but much of the hidden side is estimated."
surprise_001,surprise,surprise/Training_31893733.jpg,a56d5ac7a7e70fc2651ca58dc19f03bbddb2c67771cc2b6b2196163d212dca94,a56d5ac7a7e70fc2651ca58dc19f03bbddb2c67771cc2b6b2196163d212dca94,True,48,48,0.0,0.0,47.0,47.0,True,106,106,1.0,75,0.7075471698113207,0.2,106,1.0,0.22477436065673828,0.3230675011873245,0.522317111492157,0.48189932107925415,0.7733261585235596,0.9044048190116882,106.21850000097766,overlays\surprise_001.png,,,acceptable,1,good,acceptable,good,good,mild,"Very tight crop; the wide eyes and open mouth are captured, but many contour points fall outside the frame."
surprise_002,surprise,surprise/Training_4473463.jpg,de7344837ad48ec32ead92101ea3da797a2b47c309d7c4a42105cd5a459a5b7b,de7344837ad48ec32ead92101ea3da797a2b47c309d7c4a42105cd5a459a5b7b,True,48,48,0.0,0.0,47.0,47.0,True,106,106,1.0,95,0.8962264150943396,0.2,106,1.0,0.2766073942184448,0.37630772590637207,0.6090654134750366,0.5939719676971436,0.8018206059932709,0.9228469133377075,99.22530000039842,overlays\surprise_002.png,,,acceptable,1,good,good,occluded,acceptable,mild,"The hand partially occludes the mouth; eye landmarks are good, but the mouth shape is partly inferred."
surprise_003,surprise,surprise/Training_35123949.jpg,dc6d180488b57e702b8c69b38d11a88cfeb02a16f35d49219338453a7ec116c7,dc6d180488b57e702b8c69b38d11a88cfeb02a16f35d49219338453a7ec116c7,True,48,48,0.0,0.0,47.0,47.0,True,106,106,1.0,101,0.9528301886792453,0.2,106,1.0,0.5578843355178833,0.6510347425937653,0.7642194032669067,0.7524120807647705,0.9254514276981354,1.0048549175262451,102.66070000216132,overlays\surprise_003.png,,,good,1,good,good,good,good,none,Clear frontal face with strong wide-eye and open-mouth landmark response.
surprise_004,surprise,surprise/Training_16805119.jpg,a1f089ea13c1d979d734cd78ba84cd6e43c450f489a6d93bdabb7c15a19ea22d,a1f089ea13c1d979d734cd78ba84cd6e43c450f489a6d93bdabb7c15a19ea22d,True,48,48,0.0,0.0,47.0,47.0,True,106,106,1.0,106,1.0,0.2,106,1.0,0.5951284766197205,0.6571056544780731,0.7535913586616516,0.751739501953125,0.862016499042511,0.9751312136650085,103.93739999926765,overlays\surprise_004.png,,,good,1,good,good,good,good,none,Glasses do not disrupt the eye fit; the open-mouth response is captured well.
surprise_005,surprise,surprise/Training_76520230.jpg,00f273bd125947b5926072f4f30ac04560ab8a175482f0ad2916ed9335d9edda,00f273bd125947b5926072f4f30ac04560ab8a175482f0ad2916ed9335d9edda,True,48,48,0.0,0.0,47.0,47.0,True,106,106,1.0,87,0.8207547169811321,0.2,106,1.0,0.3503601551055908,0.39655983448028564,0.5732464790344238,0.5461326241493225,0.7985846698284149,0.8811393976211548,103.4204999996291,overlays\surprise_005.png,,,acceptable,1,good,acceptable,good,good,mild,"Extreme close crop; central landmarks are good, but part of the contour and lower mouth region is outside the frame."
