model,sample_id,class_name,runtime_ms,review_label,success,score_mean
MediaPipe,angry_001,angry,13.9873,acceptable,True,
MediaPipe,angry_002,angry,4.8534,acceptable,True,
MediaPipe,angry_003,angry,5.2165,good,True,
MediaPipe,angry_004,angry,4.7664,good,True,
MediaPipe,angry_005,angry,4.7237,good,True,
MediaPipe,angry_006,angry,4.6224,wrong,False,
MediaPipe,angry_007,angry,4.8578,good,True,
MediaPipe,angry_008,angry,4.6847,good,True,
MediaPipe,angry_009,angry,6.0503,good,True,
MediaPipe,angry_010,angry,5.5001,acceptable,True,
MediaPipe,angry_011,angry,5.5622,acceptable,True,
MediaPipe,angry_012,angry,4.3787,good,True,
MediaPipe,angry_013,angry,4.3475,good,True,
MediaPipe,angry_014,angry,2.1424,wrong,False,
MediaPipe,angry_015,angry,5.6002,acceptable,True,
MediaPipe,angry_016,angry,4.662,acceptable,True,
MediaPipe,angry_017,angry,4.5634,acceptable,True,
MediaPipe,angry_018,angry,4.3395,acceptable,True,
MediaPipe,angry_019,angry,3.9388,wrong,False,
MediaPipe,angry_020,angry,5.3144,good,True,
MediaPipe,angry_021,angry,2.3153,wrong,False,
MediaPipe,angry_022,angry,4.8373,good,True,
MediaPipe,angry_023,angry,4.357,good,True,
MediaPipe,angry_024,angry,3.8141,wrong,False,
MediaPipe,angry_025,angry,4.5775,good,True,
MediaPipe,angry_026,angry,4.6022,acceptable,True,
MediaPipe,angry_027,angry,1.7683,wrong,False,
MediaPipe,angry_028,angry,4.1219,acceptable,True,
MediaPipe,angry_029,angry,4.477,acceptable,True,
MediaPipe,angry_030,angry,4.1546,good,True,
MediaPipe,angry_031,angry,2.1123,wrong,False,
MediaPipe,angry_032,angry,4.5676,wrong,False,
MediaPipe,angry_033,angry,4.4312,good,True,
MediaPipe,angry_034,angry,4.4253,acceptable,True,
MediaPipe,angry_035,angry,5.1401,good,True,
MediaPipe,angry_036,angry,4.6899,good,True,
MediaPipe,angry_037,angry,4.2545,acceptable,True,
MediaPipe,angry_038,angry,4.3181,good,True,
MediaPipe,angry_039,angry,5.997,acceptable,True,
MediaPipe,angry_040,angry,7.6311,good,True,
MediaPipe,angry_041,angry,5.1963,wrong,False,
MediaPipe,angry_042,angry,5.1022,good,True,
MediaPipe,angry_043,angry,4.7617,acceptable,True,
MediaPipe,angry_044,angry,4.3028,good,True,
MediaPipe,angry_045,angry,4.2691,good,True,
MediaPipe,angry_046,angry,4.5332,good,True,
MediaPipe,angry_047,angry,4.9254,good,True,
MediaPipe,angry_048,angry,4.7475,acceptable,True,
MediaPipe,angry_049,angry,4.8549,acceptable,True,
MediaPipe,angry_050,angry,4.8074,acceptable,True,
MediaPipe,disgust_001,disgust,4.3581,acceptable,True,
MediaPipe,disgust_002,disgust,3.9871,good,True,
MediaPipe,disgust_003,disgust,4.1803,good,True,
MediaPipe,disgust_004,disgust,2.1509,wrong,False,
MediaPipe,disgust_005,disgust,5.0699,good,True,
MediaPipe,disgust_006,disgust,5.4676,good,True,
MediaPipe,disgust_007,disgust,4.9011,acceptable,True,
MediaPipe,disgust_008,disgust,4.1058,acceptable,True,
MediaPipe,disgust_009,disgust,4.2859,good,True,
MediaPipe,disgust_010,disgust,4.6605,acceptable,True,
MediaPipe,disgust_011,disgust,4.2197,good,True,
MediaPipe,disgust_012,disgust,2.1214,wrong,False,
MediaPipe,disgust_013,disgust,4.6928,acceptable,True,
MediaPipe,disgust_014,disgust,5.2033,good,True,
MediaPipe,disgust_015,disgust,5.0686,acceptable,True,
MediaPipe,disgust_016,disgust,5.3839,acceptable,True,
MediaPipe,disgust_017,disgust,4.1064,good,True,
MediaPipe,disgust_018,disgust,4.8486,acceptable,True,
MediaPipe,disgust_019,disgust,4.7056,acceptable,True,
MediaPipe,disgust_020,disgust,4.47,good,True,
MediaPipe,disgust_021,disgust,4.6033,good,True,
MediaPipe,disgust_022,disgust,2.0771,wrong,False,
MediaPipe,disgust_023,disgust,4.2797,acceptable,True,
MediaPipe,disgust_024,disgust,4.0638,acceptable,True,
MediaPipe,disgust_025,disgust,4.7152,good,True,
MediaPipe,disgust_026,disgust,4.808,good,True,
MediaPipe,disgust_027,disgust,4.3721,good,True,
MediaPipe,disgust_028,disgust,4.7753,good,True,
MediaPipe,disgust_029,disgust,4.636,acceptable,True,
MediaPipe,disgust_030,disgust,1.8826,wrong,False,
MediaPipe,disgust_031,disgust,4.9371,good,True,
MediaPipe,disgust_032,disgust,4.522,good,True,
MediaPipe,disgust_033,disgust,4.2975,good,True,
MediaPipe,disgust_034,disgust,5.4255,acceptable,True,
MediaPipe,disgust_035,disgust,4.4238,acceptable,True,
MediaPipe,disgust_036,disgust,2.2669,wrong,False,
MediaPipe,disgust_037,disgust,4.4227,acceptable,True,
MediaPipe,disgust_038,disgust,3.8973,acceptable,True,
MediaPipe,disgust_039,disgust,1.9809,wrong,False,
MediaPipe,disgust_040,disgust,4.3966,acceptable,True,
MediaPipe,disgust_041,disgust,4.471,good,True,
MediaPipe,disgust_042,disgust,3.9493,acceptable,True,
MediaPipe,disgust_043,disgust,4.4301,acceptable,True,
MediaPipe,disgust_044,disgust,4.3635,good,True,
MediaPipe,disgust_045,disgust,4.2421,acceptable,True,
MediaPipe,disgust_046,disgust,4.148,acceptable,True,
MediaPipe,disgust_047,disgust,4.3714,wrong,False,
MediaPipe,disgust_048,disgust,4.5655,good,True,
MediaPipe,disgust_049,disgust,5.383,acceptable,True,
MediaPipe,disgust_050,disgust,5.8706,acceptable,True,
MediaPipe,fear_001,fear,4.7739,good,True,
MediaPipe,fear_002,fear,4.5922,acceptable,True,
MediaPipe,fear_003,fear,4.699,good,True,
MediaPipe,fear_004,fear,5.1649,good,True,
MediaPipe,fear_005,fear,5.3743,good,True,
MediaPipe,fear_006,fear,4.4699,acceptable,True,
MediaPipe,fear_007,fear,4.5094,acceptable,True,
MediaPipe,fear_008,fear,4.0813,good,True,
MediaPipe,fear_009,fear,4.5687,good,True,
MediaPipe,fear_010,fear,5.1255,good,True,
MediaPipe,fear_011,fear,5.0109,acceptable,True,
MediaPipe,fear_012,fear,5.2691,good,True,
MediaPipe,fear_013,fear,4.5727,acceptable,True,
MediaPipe,fear_014,fear,4.9141,acceptable,True,
MediaPipe,fear_015,fear,4.6795,acceptable,True,
MediaPipe,fear_016,fear,5.6785,good,True,
MediaPipe,fear_017,fear,4.3188,good,True,
MediaPipe,fear_018,fear,4.9637,good,True,
MediaPipe,fear_019,fear,5.0002,good,True,
MediaPipe,fear_020,fear,4.8472,good,True,
MediaPipe,fear_021,fear,4.4297,acceptable,True,
MediaPipe,fear_022,fear,5.1154,acceptable,True,
MediaPipe,fear_023,fear,4.3217,good,True,
MediaPipe,fear_024,fear,4.8482,acceptable,True,
MediaPipe,fear_025,fear,4.6065,acceptable,True,
MediaPipe,fear_026,fear,5.3054,good,True,
MediaPipe,fear_027,fear,2.1935,wrong,False,
MediaPipe,fear_028,fear,4.3165,good,True,
MediaPipe,fear_029,fear,1.9622,wrong,False,
MediaPipe,fear_030,fear,4.0002,acceptable,True,
MediaPipe,fear_031,fear,5.7181,good,True,
MediaPipe,fear_032,fear,5.9229,good,True,
MediaPipe,fear_033,fear,5.3348,good,True,
MediaPipe,fear_034,fear,5.5407,acceptable,True,
MediaPipe,fear_035,fear,4.4838,acceptable,True,
MediaPipe,fear_036,fear,4.9468,acceptable,True,
MediaPipe,fear_037,fear,4.7819,good,True,
MediaPipe,fear_038,fear,6.9978,good,True,
MediaPipe,fear_039,fear,1.996,wrong,False,
MediaPipe,fear_040,fear,4.9592,good,True,
MediaPipe,fear_041,fear,4.3729,acceptable,True,
MediaPipe,fear_042,fear,5.2458,good,True,
MediaPipe,fear_043,fear,4.8346,good,True,
MediaPipe,fear_044,fear,4.7829,acceptable,True,
MediaPipe,fear_045,fear,4.6614,acceptable,True,
MediaPipe,fear_046,fear,1.9436,wrong,False,
MediaPipe,fear_047,fear,4.8694,acceptable,True,
MediaPipe,fear_048,fear,5.2685,acceptable,True,
MediaPipe,fear_049,fear,4.4263,acceptable,True,
MediaPipe,fear_050,fear,4.5728,good,True,
MediaPipe,happy_001,happy,5.1017,acceptable,True,
MediaPipe,happy_002,happy,5.0025,good,True,
MediaPipe,happy_003,happy,5.1533,good,True,
MediaPipe,happy_004,happy,5.3158,acceptable,True,
MediaPipe,happy_005,happy,4.8113,good,True,
MediaPipe,happy_006,happy,5.3055,acceptable,True,
MediaPipe,happy_007,happy,4.4115,good,True,
MediaPipe,happy_008,happy,4.9564,good,True,
MediaPipe,happy_009,happy,4.0908,good,True,
MediaPipe,happy_010,happy,4.8733,good,True,
MediaPipe,happy_011,happy,5.2395,good,True,
MediaPipe,happy_012,happy,5.5136,good,True,
MediaPipe,happy_013,happy,4.4465,acceptable,True,
MediaPipe,happy_014,happy,5.2276,good,True,
MediaPipe,happy_015,happy,5.3642,good,True,
MediaPipe,happy_016,happy,4.3763,acceptable,True,
MediaPipe,happy_017,happy,5.0538,good,True,
MediaPipe,happy_018,happy,4.6959,acceptable,True,
MediaPipe,happy_019,happy,5.4252,good,True,
MediaPipe,happy_020,happy,5.6555,acceptable,True,
MediaPipe,happy_021,happy,5.3692,acceptable,True,
MediaPipe,happy_022,happy,4.9169,good,True,
MediaPipe,happy_023,happy,5.2066,good,True,
MediaPipe,happy_024,happy,5.4375,acceptable,True,
MediaPipe,happy_025,happy,4.2548,acceptable,True,
MediaPipe,happy_026,happy,6.0839,acceptable,True,
MediaPipe,happy_027,happy,6.0077,good,True,
MediaPipe,happy_028,happy,6.9922,acceptable,True,
MediaPipe,happy_029,happy,3.2236,wrong,False,
MediaPipe,happy_030,happy,4.7542,good,True,
MediaPipe,happy_031,happy,4.303,acceptable,True,
MediaPipe,happy_032,happy,5.6762,good,True,
MediaPipe,happy_033,happy,5.3525,acceptable,True,
MediaPipe,happy_034,happy,5.3031,acceptable,True,
MediaPipe,happy_035,happy,4.6696,acceptable,True,
MediaPipe,happy_036,happy,5.334,good,True,
MediaPipe,happy_037,happy,5.2018,good,True,
MediaPipe,happy_038,happy,4.957,acceptable,True,
MediaPipe,happy_039,happy,4.8802,good,True,
MediaPipe,happy_040,happy,3.8983,acceptable,True,
MediaPipe,happy_041,happy,4.9197,acceptable,True,
MediaPipe,happy_042,happy,5.2637,good,True,
MediaPipe,happy_043,happy,5.7612,acceptable,True,
MediaPipe,happy_044,happy,5.3723,good,True,
MediaPipe,happy_045,happy,5.9082,good,True,
MediaPipe,happy_046,happy,5.1939,good,True,
MediaPipe,happy_047,happy,5.014,good,True,
MediaPipe,happy_048,happy,6.2141,acceptable,True,
MediaPipe,happy_049,happy,7.4096,good,True,
MediaPipe,happy_050,happy,7.1831,acceptable,True,
MediaPipe,neutral_001,neutral,5.8216,acceptable,True,
MediaPipe,neutral_002,neutral,6.0667,good,True,
MediaPipe,neutral_003,neutral,5.5339,acceptable,True,
MediaPipe,neutral_004,neutral,4.775,good,True,
MediaPipe,neutral_005,neutral,4.4697,acceptable,True,
MediaPipe,neutral_006,neutral,4.5753,acceptable,True,
MediaPipe,neutral_007,neutral,3.9803,good,True,
MediaPipe,neutral_008,neutral,4.3094,good,True,
MediaPipe,neutral_009,neutral,4.4444,good,True,
MediaPipe,neutral_010,neutral,5.2294,acceptable,True,
MediaPipe,neutral_011,neutral,5.212,good,True,
MediaPipe,neutral_012,neutral,4.6894,acceptable,True,
MediaPipe,neutral_013,neutral,2.0073,wrong,False,
MediaPipe,neutral_014,neutral,4.3681,acceptable,True,
MediaPipe,neutral_015,neutral,4.8937,good,True,
MediaPipe,neutral_016,neutral,5.1902,good,True,
MediaPipe,neutral_017,neutral,5.2316,acceptable,True,
MediaPipe,neutral_018,neutral,4.3505,good,True,
MediaPipe,neutral_019,neutral,4.7952,good,True,
MediaPipe,neutral_020,neutral,5.2747,acceptable,True,
MediaPipe,neutral_021,neutral,5.6047,acceptable,True,
MediaPipe,neutral_022,neutral,4.0959,good,True,
MediaPipe,neutral_023,neutral,5.2991,good,True,
MediaPipe,neutral_024,neutral,5.2159,acceptable,True,
MediaPipe,neutral_025,neutral,4.7035,acceptable,True,
MediaPipe,neutral_026,neutral,4.794,acceptable,True,
MediaPipe,neutral_027,neutral,4.9092,good,True,
MediaPipe,neutral_028,neutral,4.3608,acceptable,True,
MediaPipe,neutral_029,neutral,4.3535,acceptable,True,
MediaPipe,neutral_030,neutral,4.6238,good,True,
MediaPipe,neutral_031,neutral,6.0553,acceptable,True,
MediaPipe,neutral_032,neutral,4.6869,good,True,
MediaPipe,neutral_033,neutral,5.8051,good,True,
MediaPipe,neutral_034,neutral,4.3301,good,True,
MediaPipe,neutral_035,neutral,4.5532,acceptable,True,
MediaPipe,neutral_036,neutral,4.9603,acceptable,True,
MediaPipe,neutral_037,neutral,5.7492,good,True,
MediaPipe,neutral_038,neutral,4.0815,acceptable,True,
MediaPipe,neutral_039,neutral,4.9477,acceptable,True,
MediaPipe,neutral_040,neutral,4.3549,good,True,
MediaPipe,neutral_041,neutral,5.2175,good,True,
MediaPipe,neutral_042,neutral,5.2669,acceptable,True,
MediaPipe,neutral_043,neutral,5.852,acceptable,True,
MediaPipe,neutral_044,neutral,5.1338,acceptable,True,
MediaPipe,neutral_045,neutral,5.7505,good,True,
MediaPipe,neutral_046,neutral,5.0953,good,True,
MediaPipe,neutral_047,neutral,5.7894,wrong,False,
MediaPipe,neutral_048,neutral,6.0126,acceptable,True,
MediaPipe,neutral_049,neutral,4.9639,good,True,
MediaPipe,neutral_050,neutral,5.9258,acceptable,True,
MediaPipe,sad_001,sad,6.0119,good,True,
MediaPipe,sad_002,sad,5.4489,good,True,
MediaPipe,sad_003,sad,5.2476,acceptable,True,
MediaPipe,sad_004,sad,2.6411,wrong,False,
MediaPipe,sad_005,sad,2.8949,wrong,False,
MediaPipe,sad_006,sad,5.3972,acceptable,True,
MediaPipe,sad_007,sad,4.8798,good,True,
MediaPipe,sad_008,sad,5.1986,acceptable,True,
MediaPipe,sad_009,sad,7.0844,acceptable,True,
MediaPipe,sad_010,sad,7.1362,acceptable,True,
MediaPipe,sad_011,sad,5.0388,acceptable,True,
MediaPipe,sad_012,sad,4.9368,acceptable,True,
MediaPipe,sad_013,sad,5.3399,acceptable,True,
MediaPipe,sad_014,sad,5.0164,acceptable,True,
MediaPipe,sad_015,sad,4.3539,acceptable,True,
MediaPipe,sad_016,sad,1.7389,wrong,False,
MediaPipe,sad_017,sad,5.2116,good,True,
MediaPipe,sad_018,sad,2.5392,wrong,False,
MediaPipe,sad_019,sad,5.2817,acceptable,True,
MediaPipe,sad_020,sad,4.2018,acceptable,True,
MediaPipe,sad_021,sad,5.0872,acceptable,True,
MediaPipe,sad_022,sad,2.259,wrong,False,
MediaPipe,sad_023,sad,5.7052,good,True,
MediaPipe,sad_024,sad,4.725,acceptable,True,
MediaPipe,sad_025,sad,5.0558,acceptable,True,
MediaPipe,sad_026,sad,5.1799,good,True,
MediaPipe,sad_027,sad,4.599,good,True,
MediaPipe,sad_028,sad,5.5945,acceptable,True,
MediaPipe,sad_029,sad,5.8976,good,True,
MediaPipe,sad_030,sad,2.5197,wrong,False,
MediaPipe,sad_031,sad,5.195,good,True,
MediaPipe,sad_032,sad,4.8499,good,True,
MediaPipe,sad_033,sad,4.2849,good,True,
MediaPipe,sad_034,sad,5.1729,acceptable,True,
MediaPipe,sad_035,sad,4.4345,acceptable,True,
MediaPipe,sad_036,sad,5.1638,good,True,
MediaPipe,sad_037,sad,4.9082,acceptable,True,
MediaPipe,sad_038,sad,4.8877,acceptable,True,
MediaPipe,sad_039,sad,4.6338,acceptable,True,
MediaPipe,sad_040,sad,4.8814,acceptable,True,
MediaPipe,sad_041,sad,5.2109,acceptable,True,
MediaPipe,sad_042,sad,4.7022,acceptable,True,
MediaPipe,sad_043,sad,4.8026,acceptable,True,
MediaPipe,sad_044,sad,4.2456,acceptable,True,
MediaPipe,sad_045,sad,4.9612,good,True,
MediaPipe,sad_046,sad,4.6407,acceptable,True,
MediaPipe,sad_047,sad,4.6639,wrong,False,
MediaPipe,sad_048,sad,4.8625,acceptable,True,
MediaPipe,sad_049,sad,4.8376,wrong,False,
MediaPipe,sad_050,sad,4.7023,acceptable,True,
MediaPipe,surprise_001,surprise,8.8658,acceptable,True,
MediaPipe,surprise_002,surprise,7.6193,acceptable,True,
MediaPipe,surprise_003,surprise,8.3621,good,True,
MediaPipe,surprise_004,surprise,5.4885,acceptable,True,
MediaPipe,surprise_005,surprise,5.8209,good,True,
MediaPipe,surprise_006,surprise,5.0416,good,True,
MediaPipe,surprise_007,surprise,4.286,good,True,
MediaPipe,surprise_008,surprise,5.1309,acceptable,True,
MediaPipe,surprise_009,surprise,2.1345,wrong,False,
MediaPipe,surprise_010,surprise,4.7544,acceptable,True,
MediaPipe,surprise_011,surprise,5.4738,good,True,
MediaPipe,surprise_012,surprise,4.9827,acceptable,True,
MediaPipe,surprise_013,surprise,4.379,acceptable,True,
MediaPipe,surprise_014,surprise,4.7918,good,True,
MediaPipe,surprise_015,surprise,5.9858,acceptable,True,
MediaPipe,surprise_016,surprise,5.4915,acceptable,True,
MediaPipe,surprise_017,surprise,4.0883,wrong,False,
MediaPipe,surprise_018,surprise,5.4266,acceptable,True,
MediaPipe,surprise_019,surprise,5.5433,good,True,
MediaPipe,surprise_020,surprise,4.6951,acceptable,True,
MediaPipe,surprise_021,surprise,5.2048,acceptable,True,
MediaPipe,surprise_022,surprise,4.3001,acceptable,True,
MediaPipe,surprise_023,surprise,4.5537,acceptable,True,
MediaPipe,surprise_024,surprise,4.3269,acceptable,True,
MediaPipe,surprise_025,surprise,4.7682,good,True,
MediaPipe,surprise_026,surprise,5.5979,acceptable,True,
MediaPipe,surprise_027,surprise,4.1254,good,True,
MediaPipe,surprise_028,surprise,6.8365,acceptable,True,
MediaPipe,surprise_029,surprise,5.3471,good,True,
MediaPipe,surprise_030,surprise,5.3672,acceptable,True,
MediaPipe,surprise_031,surprise,5.8644,acceptable,True,
MediaPipe,surprise_032,surprise,4.812,good,True,
MediaPipe,surprise_033,surprise,4.4766,good,True,
MediaPipe,surprise_034,surprise,5.1851,good,True,
MediaPipe,surprise_035,surprise,5.0095,acceptable,True,
MediaPipe,surprise_036,surprise,5.2677,good,True,
MediaPipe,surprise_037,surprise,5.4249,good,True,
MediaPipe,surprise_038,surprise,6.6923,acceptable,True,
MediaPipe,surprise_039,surprise,4.9149,acceptable,True,
MediaPipe,surprise_040,surprise,5.4342,acceptable,True,
MediaPipe,surprise_041,surprise,4.9642,good,True,
MediaPipe,surprise_042,surprise,5.1656,acceptable,True,
MediaPipe,surprise_043,surprise,5.2941,acceptable,True,
MediaPipe,surprise_044,surprise,4.8413,good,True,
MediaPipe,surprise_045,surprise,5.0735,good,True,
MediaPipe,surprise_046,surprise,5.6784,good,True,
MediaPipe,surprise_047,surprise,7.1831,acceptable,True,
MediaPipe,surprise_048,surprise,6.954,acceptable,True,
MediaPipe,surprise_049,surprise,5.1026,acceptable,True,
MediaPipe,surprise_050,surprise,5.1893,acceptable,True,
RTMPose-Face,angry_001,angry,104.39359999872975,acceptable,True,0.5665580630302429
RTMPose-Face,angry_002,angry,109.19730000023264,good,True,0.672161340713501
RTMPose-Face,angry_003,angry,108.90170000129729,good,True,0.7220403552055359
RTMPose-Face,angry_004,angry,104.09010000148557,good,True,0.7945166826248169
RTMPose-Face,angry_005,angry,105.09610000008252,good,True,0.7067007422447205
RTMPose-Face,angry_006,angry,106.22759999750996,acceptable,True,0.7538015842437744
RTMPose-Face,angry_007,angry,99.12100000292412,good,True,0.7404455542564392
RTMPose-Face,angry_008,angry,102.07199999786098,good,True,0.799122154712677
RTMPose-Face,angry_009,angry,126.54210000255262,good,True,0.6873761415481567
RTMPose-Face,angry_010,angry,108.31269999835058,acceptable,True,0.6834440231323242
RTMPose-Face,angry_011,angry,102.22960000101013,acceptable,True,0.6195551156997681
RTMPose-Face,angry_012,angry,97.75420000005396,good,True,0.7514318823814392
RTMPose-Face,angry_013,angry,99.47430000102032,good,True,0.6005943417549133
RTMPose-Face,angry_014,angry,100.05680000176652,acceptable,True,0.5111750364303589
RTMPose-Face,angry_015,angry,101.0586999982479,acceptable,True,0.6314000487327576
RTMPose-Face,angry_016,angry,100.57070000038948,acceptable,True,0.789376974105835
RTMPose-Face,angry_017,angry,102.85020000083024,acceptable,True,0.705094039440155
RTMPose-Face,angry_018,angry,101.02849999748288,good,True,0.7550125122070312
RTMPose-Face,angry_019,angry,104.71850000249106,acceptable,True,0.5412130355834961
RTMPose-Face,angry_020,angry,103.90289999850212,good,True,0.6536307334899902
RTMPose-Face,angry_021,angry,104.92879999947036,acceptable,True,0.6177486181259155
RTMPose-Face,angry_022,angry,102.3538000008557,good,True,0.6402179598808289
RTMPose-Face,angry_023,angry,101.32570000132546,good,True,0.6050071120262146
RTMPose-Face,angry_024,angry,98.93560000273284,good,True,0.6247968077659607
RTMPose-Face,angry_025,angry,98.28819999893312,good,True,0.6392806172370911
RTMPose-Face,angry_026,angry,103.4362999998848,good,True,0.7169069051742554
RTMPose-Face,angry_027,angry,122.8166999972018,acceptable,True,0.5588490962982178
RTMPose-Face,angry_028,angry,101.95150000072316,acceptable,True,0.7318601012229919
RTMPose-Face,angry_029,angry,100.66960000040126,good,True,0.6839155554771423
RTMPose-Face,angry_030,angry,106.45029999795952,good,True,0.6918883323669434
RTMPose-Face,angry_031,angry,107.90000000270084,good,True,0.5606422424316406
RTMPose-Face,angry_032,angry,98.89259999908973,acceptable,True,0.510081946849823
RTMPose-Face,angry_033,angry,106.10250000172528,good,True,0.7499850392341614
RTMPose-Face,angry_034,angry,104.41319999881672,acceptable,True,0.6980347633361816
RTMPose-Face,angry_035,angry,101.055200000701,good,True,0.615117609500885
RTMPose-Face,angry_036,angry,103.091900000436,good,True,0.6379855871200562
RTMPose-Face,angry_037,angry,105.61850000158302,good,True,0.8366216421127319
RTMPose-Face,angry_038,angry,106.0935999994399,good,True,0.7278268337249756
RTMPose-Face,angry_039,angry,99.70530000282452,good,True,0.6614141464233398
RTMPose-Face,angry_040,angry,103.40290000021923,good,True,0.6771575808525085
RTMPose-Face,angry_041,angry,114.37039999873376,acceptable,True,0.5798636674880981
RTMPose-Face,angry_042,angry,113.58970000219416,good,True,0.6692425012588501
RTMPose-Face,angry_043,angry,113.78049999984796,acceptable,True,0.7208254337310791
RTMPose-Face,angry_044,angry,131.15000000107102,good,True,0.7006533741950989
RTMPose-Face,angry_045,angry,99.95559999879332,good,True,0.6457290649414062
RTMPose-Face,angry_046,angry,111.72649999934949,good,True,0.717936635017395
RTMPose-Face,angry_047,angry,109.25389999829348,acceptable,True,0.6809347867965698
RTMPose-Face,angry_048,angry,106.34439999921597,good,True,0.6793808937072754
RTMPose-Face,angry_049,angry,99.26610000184156,good,True,0.700072169303894
RTMPose-Face,angry_050,angry,98.22470000290195,acceptable,True,0.7190600633621216
RTMPose-Face,disgust_001,disgust,99.56179999790038,acceptable,True,0.6907134056091309
RTMPose-Face,disgust_002,disgust,98.715700001776,good,True,0.6465502381324768
RTMPose-Face,disgust_003,disgust,106.3728999979503,good,True,0.6679217219352722
RTMPose-Face,disgust_004,disgust,104.49619999781136,acceptable,True,0.7276012301445007
RTMPose-Face,disgust_005,disgust,107.28799999924377,good,True,0.6702499985694885
RTMPose-Face,disgust_006,disgust,106.15899999902469,good,True,0.6068748831748962
RTMPose-Face,disgust_007,disgust,101.95949999979348,good,True,0.6077779531478882
RTMPose-Face,disgust_008,disgust,105.75299999982236,good,True,0.6254865527153015
RTMPose-Face,disgust_009,disgust,98.25629999977536,good,True,0.6474098563194275
RTMPose-Face,disgust_010,disgust,120.02009999923756,acceptable,True,0.602110743522644
RTMPose-Face,disgust_011,disgust,100.35570000036388,good,True,0.6432525515556335
RTMPose-Face,disgust_012,disgust,105.14360000161103,acceptable,True,0.560792863368988
RTMPose-Face,disgust_013,disgust,113.97760000181734,good,True,0.6122353076934814
RTMPose-Face,disgust_014,disgust,101.95360000216168,acceptable,True,0.6921616792678833
RTMPose-Face,disgust_015,disgust,101.10599999825354,acceptable,True,0.5039839744567871
RTMPose-Face,disgust_016,disgust,109.86459999912768,acceptable,True,0.681291401386261
RTMPose-Face,disgust_017,disgust,101.78630000154952,good,True,0.6588129997253418
RTMPose-Face,disgust_018,disgust,103.53860000032,good,True,0.625983715057373
RTMPose-Face,disgust_019,disgust,107.96549999940908,acceptable,True,0.5053390860557556
RTMPose-Face,disgust_020,disgust,107.5659000016458,acceptable,True,0.6113969087600708
RTMPose-Face,disgust_021,disgust,105.67040000023552,good,True,0.7887821793556213
RTMPose-Face,disgust_022,disgust,102.97150000042166,acceptable,True,0.5549306869506836
RTMPose-Face,disgust_023,disgust,105.1091000008455,acceptable,True,0.6140332221984863
RTMPose-Face,disgust_024,disgust,106.00450000129058,acceptable,True,0.6741722822189331
RTMPose-Face,disgust_025,disgust,105.52370000004883,good,True,0.6413910388946533
RTMPose-Face,disgust_026,disgust,104.65939999994588,good,True,0.6620666980743408
RTMPose-Face,disgust_027,disgust,103.05520000110846,good,True,0.6620666980743408
RTMPose-Face,disgust_028,disgust,115.85959999865736,acceptable,True,0.5528876185417175
RTMPose-Face,disgust_029,disgust,107.52960000172608,acceptable,True,0.5094442963600159
RTMPose-Face,disgust_030,disgust,103.50260000268464,acceptable,True,0.602471113204956
RTMPose-Face,disgust_031,disgust,106.75329999867245,acceptable,True,0.5787078738212585
RTMPose-Face,disgust_032,disgust,107.92339999898104,good,True,0.6298428177833557
RTMPose-Face,disgust_033,disgust,116.38120000134222,acceptable,True,0.5387493968009949
RTMPose-Face,disgust_034,disgust,114.66089999885298,good,True,0.675451397895813
RTMPose-Face,disgust_035,disgust,110.69230000066456,acceptable,True,0.5697568655014038
RTMPose-Face,disgust_036,disgust,102.23530000075698,acceptable,True,0.5007201433181763
RTMPose-Face,disgust_037,disgust,107.88740000134568,good,True,0.6866750717163086
RTMPose-Face,disgust_038,disgust,106.68620000069495,acceptable,True,0.5079347491264343
RTMPose-Face,disgust_039,disgust,104.0026000009675,acceptable,True,0.6603375673294067
RTMPose-Face,disgust_040,disgust,105.36449999926845,acceptable,True,0.6871316432952881
RTMPose-Face,disgust_041,disgust,105.52020000250197,acceptable,True,0.6055717468261719
RTMPose-Face,disgust_042,disgust,105.50990000047022,acceptable,True,0.5905946493148804
RTMPose-Face,disgust_043,disgust,121.2271000003966,acceptable,True,0.6463106274604797
RTMPose-Face,disgust_044,disgust,106.81269999986398,good,True,0.6901037693023682
RTMPose-Face,disgust_045,disgust,102.4649999999383,good,True,0.5854192972183228
RTMPose-Face,disgust_046,disgust,103.53290000057314,acceptable,True,0.6017867922782898
RTMPose-Face,disgust_047,disgust,106.3557999987097,acceptable,True,0.5580956935882568
RTMPose-Face,disgust_048,disgust,103.96010000113164,acceptable,True,0.6687535047531128
RTMPose-Face,disgust_049,disgust,102.245000001858,acceptable,True,0.6223390698432922
RTMPose-Face,disgust_050,disgust,101.61499999958323,acceptable,True,0.7010932564735413
RTMPose-Face,fear_001,fear,105.29590000078316,good,True,0.6242995858192444
RTMPose-Face,fear_002,fear,105.49109999919892,acceptable,True,0.4904569089412689
RTMPose-Face,fear_003,fear,97.5073000008706,acceptable,True,0.6097603440284729
RTMPose-Face,fear_004,fear,100.2727999984927,acceptable,True,0.6949036717414856
RTMPose-Face,fear_005,fear,102.6404000003822,good,True,0.7431314587593079
RTMPose-Face,fear_006,fear,106.23819999818808,acceptable,True,0.5484794974327087
RTMPose-Face,fear_007,fear,106.91550000046846,acceptable,True,0.7926262021064758
RTMPose-Face,fear_008,fear,122.18350000330248,good,True,0.6297430396080017
RTMPose-Face,fear_009,fear,106.17830000046524,good,True,0.5703011155128479
RTMPose-Face,fear_010,fear,101.17239999817684,good,True,0.6431313157081604
RTMPose-Face,fear_011,fear,107.85799999939628,acceptable,True,0.5420774817466736
RTMPose-Face,fear_012,fear,105.18779999983964,acceptable,True,0.7791528701782227
RTMPose-Face,fear_013,fear,104.4661999985692,acceptable,True,0.8240079283714294
RTMPose-Face,fear_014,fear,108.2525000019814,acceptable,True,0.599756121635437
RTMPose-Face,fear_015,fear,104.2624000001524,acceptable,True,0.6887534260749817
RTMPose-Face,fear_016,fear,99.99270000116668,acceptable,True,0.582591712474823
RTMPose-Face,fear_017,fear,101.45560000091793,good,True,0.7511122822761536
RTMPose-Face,fear_018,fear,105.02880000058212,good,True,0.7219079732894897
RTMPose-Face,fear_019,fear,109.28259999855072,good,True,0.6293730139732361
RTMPose-Face,fear_020,fear,109.15939999904369,acceptable,True,0.6264746189117432
RTMPose-Face,fear_021,fear,108.7176000000909,acceptable,True,0.6918460726737976
RTMPose-Face,fear_022,fear,99.21019999819691,good,True,0.7006629109382629
RTMPose-Face,fear_023,fear,110.73210000176914,good,True,0.7648745179176331
RTMPose-Face,fear_024,fear,110.52209999979824,acceptable,True,0.5844311714172363
RTMPose-Face,fear_025,fear,104.28459999820916,acceptable,True,0.6794259548187256
RTMPose-Face,fear_026,fear,127.62319999819738,acceptable,True,0.7352724075317383
RTMPose-Face,fear_027,fear,105.62600000048404,acceptable,True,0.7159416675567627
RTMPose-Face,fear_028,fear,100.67980000167154,good,True,0.5676298141479492
RTMPose-Face,fear_029,fear,109.76600000140024,acceptable,True,0.6552717089653015
RTMPose-Face,fear_030,fear,111.15380000046572,acceptable,True,0.6354114413261414
RTMPose-Face,fear_031,fear,101.02959999858284,good,True,0.6883358955383301
RTMPose-Face,fear_032,fear,103.6430999993172,good,True,0.6315832138061523
RTMPose-Face,fear_033,fear,100.87239999847952,acceptable,True,0.6134371757507324
RTMPose-Face,fear_034,fear,108.42559999946388,acceptable,True,0.448608934879303
RTMPose-Face,fear_035,fear,107.70989999946325,acceptable,True,0.5912817716598511
RTMPose-Face,fear_036,fear,107.88529999990716,acceptable,True,0.7011090517044067
RTMPose-Face,fear_037,fear,109.58409999875585,good,True,0.7435428500175476
RTMPose-Face,fear_038,fear,121.49150000186636,good,True,0.6902388334274292
RTMPose-Face,fear_039,fear,115.33549999876412,acceptable,True,0.6602127552032471
RTMPose-Face,fear_040,fear,107.66100000182632,acceptable,True,0.7220733761787415
RTMPose-Face,fear_041,fear,112.48839999825576,acceptable,True,0.6263782382011414
RTMPose-Face,fear_042,fear,132.23010000001523,good,True,0.6090735197067261
RTMPose-Face,fear_043,fear,109.69280000063009,good,True,0.7219079732894897
RTMPose-Face,fear_044,fear,115.22239999976593,good,True,0.6581501364707947
RTMPose-Face,fear_045,fear,122.192199996789,acceptable,True,0.6751497983932495
RTMPose-Face,fear_046,fear,109.2599000003247,acceptable,True,0.5133823752403259
RTMPose-Face,fear_047,fear,106.66159999891534,good,True,0.7129023671150208
RTMPose-Face,fear_048,fear,105.1140999989002,good,True,0.6877089738845825
RTMPose-Face,fear_049,fear,107.1626999982982,acceptable,True,0.591255247592926
RTMPose-Face,fear_050,fear,108.2907999989402,good,True,0.6864203214645386
RTMPose-Face,happy_001,happy,106.09869999825604,acceptable,True,0.5500912666320801
RTMPose-Face,happy_002,happy,102.95489999771236,good,True,0.6869320869445801
RTMPose-Face,happy_003,happy,103.18800000095509,acceptable,True,0.7604821920394897
RTMPose-Face,happy_004,happy,103.99950000282844,good,True,0.7375383973121643
RTMPose-Face,happy_005,happy,110.5070000012347,good,True,0.6798233389854431
RTMPose-Face,happy_006,happy,113.9184000021487,acceptable,True,0.5827372670173645
RTMPose-Face,happy_007,happy,106.98730000149226,good,True,0.7757262587547302
RTMPose-Face,happy_008,happy,103.98469999927327,good,True,0.7648557424545288
RTMPose-Face,happy_009,happy,103.5262999976112,good,True,0.6047573685646057
RTMPose-Face,happy_010,happy,108.71789999873728,acceptable,True,0.7682465314865112
RTMPose-Face,happy_011,happy,104.3441999972856,good,True,0.7343987226486206
RTMPose-Face,happy_012,happy,103.09069999857456,good,True,0.7026897668838501
RTMPose-Face,happy_013,happy,101.14140000223416,acceptable,True,0.7197605967521667
RTMPose-Face,happy_014,happy,109.5311999997648,acceptable,True,0.6423672437667847
RTMPose-Face,happy_015,happy,102.3523000003479,good,True,0.7238723039627075
RTMPose-Face,happy_016,happy,116.66459999833025,acceptable,True,0.6242099404335022
RTMPose-Face,happy_017,happy,101.12089999893216,good,True,0.6081309914588928
RTMPose-Face,happy_018,happy,102.7538000016648,acceptable,True,0.6746673583984375
RTMPose-Face,happy_019,happy,110.2262000022165,acceptable,True,0.649377703666687
RTMPose-Face,happy_020,happy,123.97140000030048,good,True,0.7893273830413818
RTMPose-Face,happy_021,happy,109.46489999696496,acceptable,True,0.6626412868499756
RTMPose-Face,happy_022,happy,110.96570000154315,good,True,0.7364763021469116
RTMPose-Face,happy_023,happy,123.83190000036848,good,True,0.8794021010398865
RTMPose-Face,happy_024,happy,110.45029999877444,acceptable,True,0.5943203568458557
RTMPose-Face,happy_025,happy,106.87090000283206,acceptable,True,0.7806881070137024
RTMPose-Face,happy_026,happy,107.93229999762843,acceptable,True,0.6695151925086975
RTMPose-Face,happy_027,happy,105.26870000103372,good,True,0.665132999420166
RTMPose-Face,happy_028,happy,103.21200000180396,good,True,0.6646746397018433
RTMPose-Face,happy_029,happy,108.05819999950472,acceptable,True,0.6134781241416931
RTMPose-Face,happy_030,happy,102.77069999938249,good,True,0.6762300729751587
RTMPose-Face,happy_031,happy,108.86350000146194,acceptable,True,0.5911340713500977
RTMPose-Face,happy_032,happy,108.3959000025061,good,True,0.6640583276748657
RTMPose-Face,happy_033,happy,119.51000000044588,good,True,0.7507069706916809
RTMPose-Face,happy_034,happy,115.12089999814634,good,True,0.6958168745040894
RTMPose-Face,happy_035,happy,107.3839999990014,acceptable,True,0.5460829734802246
RTMPose-Face,happy_036,happy,104.42909999983384,acceptable,True,0.602660059928894
RTMPose-Face,happy_037,happy,102.53690000172357,good,True,0.7306635975837708
RTMPose-Face,happy_038,happy,102.01500000039232,good,True,0.7070190906524658
RTMPose-Face,happy_039,happy,102.3021000000881,good,True,0.6970552206039429
RTMPose-Face,happy_040,happy,104.4765999977244,good,True,0.6804451942443848
RTMPose-Face,happy_041,happy,127.5327000003017,acceptable,True,0.8027971982955933
RTMPose-Face,happy_042,happy,108.74129999865544,good,True,0.7869610786437988
RTMPose-Face,happy_043,happy,105.09649999949032,acceptable,True,0.8803734183311462
RTMPose-Face,happy_044,happy,106.58419999890612,good,True,0.663689911365509
RTMPose-Face,happy_045,happy,107.90760000236332,good,True,0.6913006901741028
RTMPose-Face,happy_046,happy,103.04790000009234,good,True,0.6662701964378357
RTMPose-Face,happy_047,happy,100.41780000028666,good,True,0.6918023228645325
RTMPose-Face,happy_048,happy,101.87880000012228,acceptable,True,0.6668687462806702
RTMPose-Face,happy_049,happy,110.59770000065328,good,True,0.6690532565116882
RTMPose-Face,happy_050,happy,108.55140000057872,acceptable,True,0.7358019351959229
RTMPose-Face,neutral_001,neutral,106.1362000000372,acceptable,True,0.6913760900497437
RTMPose-Face,neutral_002,neutral,100.79899999982445,good,True,0.6589930057525635
RTMPose-Face,neutral_003,neutral,106.41609999947832,acceptable,True,0.7785366177558899
RTMPose-Face,neutral_004,neutral,100.6390000002284,good,True,0.6538884043693542
RTMPose-Face,neutral_005,neutral,102.84049999972922,acceptable,True,0.6067351698875427
RTMPose-Face,neutral_006,neutral,106.23910000140312,acceptable,True,0.6337684988975525
RTMPose-Face,neutral_007,neutral,108.71290000068257,good,True,0.7711337804794312
RTMPose-Face,neutral_008,neutral,109.49339999933729,good,True,0.805147647857666
RTMPose-Face,neutral_009,neutral,126.29909999668598,good,True,0.6438956260681152
RTMPose-Face,neutral_010,neutral,106.9960999993782,acceptable,True,0.6968837976455688
RTMPose-Face,neutral_011,neutral,110.84290000144392,good,True,0.6705370545387268
RTMPose-Face,neutral_012,neutral,107.7350999985356,good,True,0.6256956458091736
RTMPose-Face,neutral_013,neutral,109.13240000081714,acceptable,True,0.5327932834625244
RTMPose-Face,neutral_014,neutral,108.18389999985811,acceptable,True,0.5781130790710449
RTMPose-Face,neutral_015,neutral,109.42669999712962,acceptable,True,0.6680211424827576
RTMPose-Face,neutral_016,neutral,111.8547000005492,acceptable,True,0.6998303532600403
RTMPose-Face,neutral_017,neutral,105.82679999788525,acceptable,True,0.5851389169692993
RTMPose-Face,neutral_018,neutral,106.08279999723892,good,True,0.7018342614173889
RTMPose-Face,neutral_019,neutral,107.7527999987069,acceptable,True,0.6320846676826477
RTMPose-Face,neutral_020,neutral,108.86170000230776,acceptable,True,0.6866772770881653
RTMPose-Face,neutral_021,neutral,107.65560000072584,acceptable,True,0.6130374670028687
RTMPose-Face,neutral_022,neutral,105.13540000101784,acceptable,True,0.6665244102478027
RTMPose-Face,neutral_023,neutral,111.07450000054088,good,True,0.6749475598335266
RTMPose-Face,neutral_024,neutral,106.04410000087228,acceptable,True,0.7318598031997681
RTMPose-Face,neutral_025,neutral,107.4380000027304,acceptable,True,0.7605370283126831
RTMPose-Face,neutral_026,neutral,110.29670000061742,acceptable,True,0.6057392954826355
RTMPose-Face,neutral_027,neutral,113.32700000275509,acceptable,True,0.7369349002838135
RTMPose-Face,neutral_028,neutral,121.20660000073258,acceptable,True,0.7165583372116089
RTMPose-Face,neutral_029,neutral,106.98300000149176,acceptable,True,0.7426980137825012
RTMPose-Face,neutral_030,neutral,107.05619999862392,good,True,0.7708718776702881
RTMPose-Face,neutral_031,neutral,105.289700000867,acceptable,True,0.6880543828010559
RTMPose-Face,neutral_032,neutral,105.57999999946333,acceptable,True,0.6085078120231628
RTMPose-Face,neutral_033,neutral,109.20709999845712,good,True,0.6732189059257507
RTMPose-Face,neutral_034,neutral,107.64840000047116,good,True,0.675851583480835
RTMPose-Face,neutral_035,neutral,110.50449999675038,acceptable,True,0.6314195394515991
RTMPose-Face,neutral_036,neutral,110.36730000341775,good,True,0.6281909346580505
RTMPose-Face,neutral_037,neutral,106.60970000026282,good,True,0.745122492313385
RTMPose-Face,neutral_038,neutral,108.41849999997066,acceptable,True,0.6035356521606445
RTMPose-Face,neutral_039,neutral,106.834300000628,good,True,0.6135860085487366
RTMPose-Face,neutral_040,neutral,106.31389999980456,good,True,0.7297694087028503
RTMPose-Face,neutral_041,neutral,111.30039999989094,good,True,0.6747450232505798
RTMPose-Face,neutral_042,neutral,109.4349000013608,acceptable,True,0.7088403701782227
RTMPose-Face,neutral_043,neutral,107.15340000024298,acceptable,True,0.7723312973976135
RTMPose-Face,neutral_044,neutral,105.10209999847577,acceptable,True,0.6811033487319946
RTMPose-Face,neutral_045,neutral,110.52310000013676,good,True,0.6707414388656616
RTMPose-Face,neutral_046,neutral,108.0500000025495,good,True,0.690405547618866
RTMPose-Face,neutral_047,neutral,122.9923000028066,acceptable,True,0.5470631718635559
RTMPose-Face,neutral_048,neutral,106.37339999811957,good,True,0.7690756320953369
RTMPose-Face,neutral_049,neutral,108.97770000156017,good,True,0.6690270900726318
RTMPose-Face,neutral_050,neutral,106.49990000092656,acceptable,True,0.6123219132423401
RTMPose-Face,sad_001,sad,108.19189999892842,good,True,0.6917359828948975
RTMPose-Face,sad_002,sad,113.85489999884156,acceptable,True,0.7044843435287476
RTMPose-Face,sad_003,sad,112.2397999970417,acceptable,True,0.5421839356422424
RTMPose-Face,sad_004,sad,109.74949999945238,acceptable,True,0.5792276263237
RTMPose-Face,sad_005,sad,110.57129999971949,acceptable,True,0.4717887341976166
RTMPose-Face,sad_006,sad,111.22080000131972,acceptable,True,0.7621850967407227
RTMPose-Face,sad_007,sad,102.98450000118464,acceptable,True,0.6819545030593872
RTMPose-Face,sad_008,sad,103.87809999883756,acceptable,True,0.7816290259361267
RTMPose-Face,sad_009,sad,103.74769999907583,acceptable,True,0.6903737187385559
RTMPose-Face,sad_010,sad,106.28260000157752,acceptable,True,0.6746395230293274
RTMPose-Face,sad_011,sad,102.67020000173945,acceptable,True,0.6838301420211792
RTMPose-Face,sad_012,sad,99.91490000174964,good,True,0.6647021174430847
RTMPose-Face,sad_013,sad,110.58570000022884,acceptable,True,0.6434161067008972
RTMPose-Face,sad_014,sad,110.49260000072536,good,True,0.5855568647384644
RTMPose-Face,sad_015,sad,102.4963999989268,acceptable,True,0.7027527689933777
RTMPose-Face,sad_016,sad,122.54229999962264,acceptable,True,0.591009259223938
RTMPose-Face,sad_017,sad,102.09789999862552,good,True,0.619823694229126
RTMPose-Face,sad_018,sad,104.04229999767269,acceptable,True,0.7012520432472229
RTMPose-Face,sad_019,sad,102.2424000002502,acceptable,True,0.6948436498641968
RTMPose-Face,sad_020,sad,97.55980000045383,acceptable,True,0.6896733045578003
RTMPose-Face,sad_021,sad,105.3171999992628,acceptable,True,0.5844354629516602
RTMPose-Face,sad_022,sad,104.12240000005112,good,True,0.5664751529693604
RTMPose-Face,sad_023,sad,101.29439999946044,acceptable,True,0.6035523414611816
RTMPose-Face,sad_024,sad,103.29349999665284,acceptable,True,0.6808763742446899
RTMPose-Face,sad_025,sad,104.5512000018789,acceptable,True,0.7836694717407227
RTMPose-Face,sad_026,sad,117.51929999809364,acceptable,True,0.6435421705245972
RTMPose-Face,sad_027,sad,115.18919999798528,acceptable,True,0.4594706296920776
RTMPose-Face,sad_028,sad,109.99250000168104,good,True,0.627356767654419
RTMPose-Face,sad_029,sad,107.55200000130571,good,True,0.6327739357948303
RTMPose-Face,sad_030,sad,106.50860000168905,acceptable,True,0.7103447914123535
RTMPose-Face,sad_031,sad,126.8173000025854,good,True,0.6504842638969421
RTMPose-Face,sad_032,sad,112.67759999827832,acceptable,True,0.5710728168487549
RTMPose-Face,sad_033,sad,108.49410000082572,acceptable,True,0.6548754572868347
RTMPose-Face,sad_034,sad,111.95880000013858,good,True,0.8044354319572449
RTMPose-Face,sad_035,sad,108.60060000049998,acceptable,True,0.6831914782524109
RTMPose-Face,sad_036,sad,107.19030000109342,good,True,0.8043493628501892
RTMPose-Face,sad_037,sad,101.46929999973509,acceptable,True,0.7373055219650269
RTMPose-Face,sad_038,sad,109.31120000168448,acceptable,True,0.7377445101737976
RTMPose-Face,sad_039,sad,105.59769999963464,acceptable,True,0.5586284399032593
RTMPose-Face,sad_040,sad,103.35400000258232,acceptable,True,0.5191921591758728
RTMPose-Face,sad_041,sad,104.3212999975367,acceptable,True,0.6129330992698669
RTMPose-Face,sad_042,sad,103.70640000110144,acceptable,True,0.6278685927391052
RTMPose-Face,sad_043,sad,123.81839999943622,acceptable,True,0.7297312021255493
RTMPose-Face,sad_044,sad,123.20179999733227,good,True,0.6562806367874146
RTMPose-Face,sad_045,sad,115.66880000100356,good,True,0.6785181164741516
RTMPose-Face,sad_046,sad,119.37859999670764,acceptable,True,0.6962131857872009
RTMPose-Face,sad_047,sad,118.13270000129704,acceptable,True,0.6441217064857483
RTMPose-Face,sad_048,sad,119.40749999848776,acceptable,True,0.5585986375808716
RTMPose-Face,sad_049,sad,133.79970000096364,acceptable,True,0.5425822138786316
RTMPose-Face,sad_050,sad,110.57520000031218,acceptable,True,0.7406826615333557
RTMPose-Face,surprise_001,surprise,115.1809000002686,acceptable,True,0.522317111492157
RTMPose-Face,surprise_002,surprise,117.58890000055544,acceptable,True,0.6090654134750366
RTMPose-Face,surprise_003,surprise,111.17690000173752,good,True,0.7642194032669067
RTMPose-Face,surprise_004,surprise,109.2564000027778,acceptable,True,0.7535913586616516
RTMPose-Face,surprise_005,surprise,109.24939999677008,acceptable,True,0.5732464790344238
RTMPose-Face,surprise_006,surprise,109.6189999989292,acceptable,True,0.7280661463737488
RTMPose-Face,surprise_007,surprise,110.73730000134674,acceptable,True,0.5772446393966675
RTMPose-Face,surprise_008,surprise,108.26610000003711,acceptable,True,0.5926370024681091
RTMPose-Face,surprise_009,surprise,111.63999999916996,acceptable,True,0.6787970662117004
RTMPose-Face,surprise_010,surprise,115.71750000075554,good,True,0.6465703248977661
RTMPose-Face,surprise_011,surprise,109.20640000040294,good,True,0.7170993685722351
RTMPose-Face,surprise_012,surprise,120.89799999739624,good,True,0.604047954082489
RTMPose-Face,surprise_013,surprise,115.54000000251108,good,True,0.746374785900116
RTMPose-Face,surprise_014,surprise,138.37150000108522,acceptable,True,0.5524348616600037
RTMPose-Face,surprise_015,surprise,120.9013000006962,acceptable,True,0.640356183052063
RTMPose-Face,surprise_016,surprise,130.48479999997653,acceptable,True,0.5923876762390137
RTMPose-Face,surprise_017,surprise,115.76240000067628,acceptable,True,0.7262730002403259
RTMPose-Face,surprise_018,surprise,116.1078000004636,acceptable,True,0.7652488350868225
RTMPose-Face,surprise_019,surprise,114.84560000099007,good,True,0.6400788426399231
RTMPose-Face,surprise_020,surprise,107.59220000181811,acceptable,True,0.5590174198150635
RTMPose-Face,surprise_021,surprise,124.2138999987219,good,True,0.7314338088035583
RTMPose-Face,surprise_022,surprise,111.87869999776012,acceptable,True,0.6471773386001587
RTMPose-Face,surprise_023,surprise,108.90339999969,acceptable,True,0.6859304308891296
RTMPose-Face,surprise_024,surprise,111.22189999878174,good,True,0.7525517344474792
RTMPose-Face,surprise_025,surprise,113.20139999952517,acceptable,True,0.5916829109191895
RTMPose-Face,surprise_026,surprise,116.50820000068052,good,True,0.5849717259407043
RTMPose-Face,surprise_027,surprise,111.78920000020298,good,True,0.5984347462654114
RTMPose-Face,surprise_028,surprise,119.86539999998058,good,True,0.5826018452644348
RTMPose-Face,surprise_029,surprise,126.833300000726,acceptable,True,0.7348284721374512
RTMPose-Face,surprise_030,surprise,111.10800000096788,good,True,0.7322860360145569
RTMPose-Face,surprise_031,surprise,108.74270000203978,acceptable,True,0.5950021743774414
RTMPose-Face,surprise_032,surprise,111.221300001489,acceptable,True,0.5004827380180359
RTMPose-Face,surprise_033,surprise,109.62019999715268,good,True,0.6681827902793884
RTMPose-Face,surprise_034,surprise,114.79920000056154,acceptable,True,0.6164401769638062
RTMPose-Face,surprise_035,surprise,130.22609999825363,good,True,0.6587364673614502
RTMPose-Face,surprise_036,surprise,107.1644000003289,good,True,0.7065051198005676
RTMPose-Face,surprise_037,surprise,106.77599999689846,acceptable,True,0.6467950940132141
RTMPose-Face,surprise_038,surprise,107.40420000001905,good,True,0.7169591188430786
RTMPose-Face,surprise_039,surprise,103.28719999961322,acceptable,True,0.5872033834457397
RTMPose-Face,surprise_040,surprise,99.6889000016381,good,True,0.6712867021560669
RTMPose-Face,surprise_041,surprise,101.00710000187972,acceptable,True,0.5978929996490479
RTMPose-Face,surprise_042,surprise,120.49079999997048,acceptable,True,0.6107000112533569
RTMPose-Face,surprise_043,surprise,114.08559999836145,acceptable,True,0.6261143088340759
RTMPose-Face,surprise_044,surprise,103.02329999831272,acceptable,True,0.6360090970993042
RTMPose-Face,surprise_045,surprise,110.10049999822512,acceptable,True,0.6662409901618958
RTMPose-Face,surprise_046,surprise,107.11829999854672,good,True,0.6096051335334778
RTMPose-Face,surprise_047,surprise,97.64090000317084,acceptable,True,0.5976677536964417
RTMPose-Face,surprise_048,surprise,102.4660999974003,acceptable,True,0.6194295287132263
RTMPose-Face,surprise_049,surprise,107.81080000015208,good,True,0.6237743496894836
RTMPose-Face,surprise_050,surprise,106.0985999974946,good,True,0.812192440032959
FAN,angry_001,angry,152.81059999688296,wrong,True,0.733740508556366
FAN,angry_002,angry,213.4267000001273,good,True,0.824140191078186
FAN,angry_003,angry,157.19569999782834,good,True,0.8248856663703918
FAN,angry_004,angry,155.58530000271276,good,True,0.7996634244918823
FAN,angry_005,angry,181.45630000071836,good,True,0.830368161201477
FAN,angry_006,angry,194.800999997824,acceptable,True,0.8071947693824768
FAN,angry_007,angry,168.6522999953013,good,True,0.8428590893745422
FAN,angry_008,angry,159.47469999809982,good,True,0.8207717537879944
FAN,angry_009,angry,174.7557999988203,acceptable,True,0.780728280544281
FAN,angry_010,angry,153.89340000547236,acceptable,True,0.8204666376113892
FAN,angry_011,angry,187.97449999692617,acceptable,True,0.7034649848937988
FAN,angry_012,angry,155.37940000649542,good,True,0.7547917366027832
FAN,angry_013,angry,156.59449999657227,good,True,0.7884974479675293
FAN,angry_014,angry,208.56449999701,acceptable,True,0.7192050814628601
FAN,angry_015,angry,217.0861999984481,good,True,0.798744797706604
FAN,angry_016,angry,159.85250000085216,acceptable,True,0.8190791010856628
FAN,angry_017,angry,170.226599999296,acceptable,True,0.8357406854629517
FAN,angry_018,angry,179.67119999957504,good,True,0.7707309126853943
FAN,angry_019,angry,152.12639999663224,good,True,0.7743304967880249
FAN,angry_020,angry,154.41009999631206,good,True,0.7853886485099792
FAN,angry_021,angry,151.60380000452278,acceptable,True,0.7890389561653137
FAN,angry_022,angry,154.19130000373116,good,True,0.7964682579040527
FAN,angry_023,angry,169.7132999979658,good,True,0.7452393174171448
FAN,angry_024,angry,172.9875999953947,acceptable,True,0.4144675135612488
FAN,angry_025,angry,169.48310000589117,good,True,0.7943507432937622
FAN,angry_026,angry,164.21829999308102,acceptable,True,0.7329632043838501
FAN,angry_027,angry,162.0586999997613,acceptable,True,0.8360506296157837
FAN,angry_028,angry,191.73070000397277,good,True,0.8357853889465332
FAN,angry_029,angry,180.01709999953164,acceptable,True,0.8357476592063904
FAN,angry_030,angry,158.67550000257324,good,True,0.8307986259460449
FAN,angry_031,angry,155.02960000594612,good,True,0.7783010601997375
FAN,angry_032,angry,157.71569999924395,wrong,True,0.1306522935628891
FAN,angry_033,angry,202.92540000082224,good,True,0.8201020956039429
FAN,angry_034,angry,151.53229999850737,acceptable,True,0.7925696969032288
FAN,angry_035,angry,157.379199998104,good,True,0.820115864276886
FAN,angry_036,angry,180.32939999829975,good,True,0.8282451629638672
FAN,angry_037,angry,206.24020000104792,good,True,0.8099403977394104
FAN,angry_038,angry,158.62819999892963,good,True,0.836519718170166
FAN,angry_039,angry,152.54310000455007,acceptable,True,0.764503538608551
FAN,angry_040,angry,153.86540000326931,good,True,0.769446611404419
FAN,angry_041,angry,156.1959000027855,good,True,0.8112733364105225
FAN,angry_042,angry,182.5262999991537,good,True,0.7678751349449158
FAN,angry_043,angry,242.4073000001954,acceptable,True,0.8308078050613403
FAN,angry_044,angry,187.8074999985984,good,True,0.8242484331130981
FAN,angry_045,angry,159.6535999997286,good,True,0.8074450492858887
FAN,angry_046,angry,189.56269999762296,good,True,0.8296852707862854
FAN,angry_047,angry,161.43420000298647,good,True,0.8338154554367065
FAN,angry_048,angry,160.01300000061747,acceptable,True,0.8343614935874939
FAN,angry_049,angry,196.3603000040166,acceptable,True,0.8022291660308838
FAN,angry_050,angry,223.79709999950137,acceptable,True,0.7876734137535095
FAN,disgust_001,disgust,173.06779999489663,acceptable,True,0.8247273564338684
FAN,disgust_002,disgust,156.0207000002265,good,True,0.8237871527671814
FAN,disgust_003,disgust,168.78449999785516,good,True,0.8311508297920227
FAN,disgust_004,disgust,209.41580000362592,acceptable,True,0.8202207088470459
FAN,disgust_005,disgust,157.41350000462262,good,True,0.835483193397522
FAN,disgust_006,disgust,154.3119999987539,good,True,0.8097267746925354
FAN,disgust_007,disgust,203.6889999944833,good,True,0.822855532169342
FAN,disgust_008,disgust,159.24580000137212,good,True,0.8174026012420654
FAN,disgust_009,disgust,160.1966000016546,good,True,0.7997899055480957
FAN,disgust_010,disgust,167.27470000478206,acceptable,True,0.7913917303085327
FAN,disgust_011,disgust,197.40670000464888,good,True,0.8147635459899902
FAN,disgust_012,disgust,225.68999999930384,acceptable,True,0.7866219282150269
FAN,disgust_013,disgust,249.10130000353087,good,True,0.8202314376831055
FAN,disgust_014,disgust,156.72270000504795,acceptable,True,0.82413649559021
FAN,disgust_015,disgust,180.21779999980936,acceptable,True,0.7338122129440308
FAN,disgust_016,disgust,160.66670000145675,acceptable,True,0.8302837014198303
FAN,disgust_017,disgust,214.12380000401757,good,True,0.8167635798454285
FAN,disgust_018,disgust,227.59229999792296,good,True,0.8128576874732971
FAN,disgust_019,disgust,164.43299999809824,acceptable,True,0.7922961115837097
FAN,disgust_020,disgust,195.0596000024234,good,True,0.7887102365493774
FAN,disgust_021,disgust,161.18980000464944,acceptable,True,0.8278277516365051
FAN,disgust_022,disgust,219.74449999834175,acceptable,True,0.8179935812950134
FAN,disgust_023,disgust,151.8498000004911,acceptable,True,0.7561593055725098
FAN,disgust_024,disgust,156.7840999996406,acceptable,True,0.824592649936676
FAN,disgust_025,disgust,158.9663999984623,good,True,0.820123553276062
FAN,disgust_026,disgust,154.51190000021597,good,True,0.8189581632614136
FAN,disgust_027,disgust,153.5061000031419,good,True,0.8189581632614136
FAN,disgust_028,disgust,171.3052999984939,acceptable,True,0.7910892367362976
FAN,disgust_029,disgust,160.62760000204435,acceptable,True,0.7675517797470093
FAN,disgust_030,disgust,174.20310000306927,acceptable,True,0.8035545945167542
FAN,disgust_031,disgust,156.2049999993178,good,True,0.7821771502494812
FAN,disgust_032,disgust,159.40209999826038,good,True,0.7601856589317322
FAN,disgust_033,disgust,159.4794000047841,good,True,0.732150137424469
FAN,disgust_034,disgust,229.7484000009717,good,True,0.8224757313728333
FAN,disgust_035,disgust,159.40189999673748,good,True,0.7708542346954346
FAN,disgust_036,disgust,176.26649999874644,acceptable,True,0.7762978076934814
FAN,disgust_037,disgust,156.13580000353977,good,True,0.7988636493682861
FAN,disgust_038,disgust,163.29409999889322,acceptable,True,0.8135275840759277
FAN,disgust_039,disgust,169.40299999987474,acceptable,True,0.8153979182243347
FAN,disgust_040,disgust,155.00649999739835,acceptable,True,0.8039534687995911
FAN,disgust_041,disgust,182.62610000238053,good,True,0.7676037549972534
FAN,disgust_042,disgust,167.04849999950966,acceptable,True,0.8075858354568481
FAN,disgust_043,disgust,152.41210000385763,acceptable,True,0.7268977761268616
FAN,disgust_044,disgust,152.9374000019743,good,True,0.8407818078994751
FAN,disgust_045,disgust,214.05599999707192,good,True,0.7711544036865234
FAN,disgust_046,disgust,168.1689999968512,acceptable,True,0.7915298342704773
FAN,disgust_047,disgust,150.6009999939124,acceptable,True,0.7262377738952637
FAN,disgust_048,disgust,151.68370000174036,good,True,0.8011438250541687
FAN,disgust_049,disgust,154.49500000249827,good,True,0.8188166618347168
FAN,disgust_050,disgust,157.6292999961879,acceptable,True,0.819266676902771
FAN,fear_001,fear,185.5513000045903,good,True,0.7214237451553345
FAN,fear_002,fear,190.49190000077945,wrong,True,0.1436264812946319
FAN,fear_003,fear,169.44800000055693,good,True,0.7773305773735046
FAN,fear_004,fear,156.7155999946408,good,True,0.8352324366569519
FAN,fear_005,fear,155.6404000002658,good,True,0.8341029286384583
FAN,fear_006,fear,153.40329999889946,good,True,0.7998018860816956
FAN,fear_007,fear,183.3754999970552,acceptable,True,0.7919133305549622
FAN,fear_008,fear,198.1076999945799,good,True,0.7391456365585327
FAN,fear_009,fear,208.1065999955172,good,True,0.7877025604248047
FAN,fear_010,fear,227.5480999960564,good,True,0.7990401387214661
FAN,fear_011,fear,183.1166999982088,good,True,0.748445451259613
FAN,fear_012,fear,226.5934999959427,good,True,0.854489266872406
FAN,fear_013,fear,198.6142000023392,acceptable,True,0.8020949363708496
FAN,fear_014,fear,167.48559999541612,acceptable,True,0.7765151262283325
FAN,fear_015,fear,157.47389999887673,good,True,0.8161062002182007
FAN,fear_016,fear,155.60040000127628,acceptable,True,0.7900311946868896
FAN,fear_017,fear,209.66849999967965,good,True,0.8366957306861877
FAN,fear_018,fear,181.5788000021712,good,True,0.8209668397903442
FAN,fear_019,fear,205.89099999779137,good,True,0.791200578212738
FAN,fear_020,fear,197.6816000023973,wrong,True,0.308506041765213
FAN,fear_021,fear,214.59760000288952,acceptable,True,0.8388411998748779
FAN,fear_022,fear,157.44809999887366,acceptable,True,0.8210116028785706
FAN,fear_023,fear,155.33339999819873,good,True,0.832571804523468
FAN,fear_024,fear,200.46169999841368,good,True,0.8113613724708557
FAN,fear_025,fear,160.00580000400078,good,True,0.8285806179046631
FAN,fear_026,fear,245.0345999968704,acceptable,True,0.7050700187683105
FAN,fear_027,fear,159.64639999583596,acceptable,True,0.7735706567764282
FAN,fear_028,fear,175.65079999621958,acceptable,True,0.7591509819030762
FAN,fear_029,fear,159.57009999692673,acceptable,True,0.7534369826316833
FAN,fear_030,fear,157.4668000030215,acceptable,True,0.7564063668251038
FAN,fear_031,fear,170.6045000028098,acceptable,True,0.8323343992233276
FAN,fear_032,fear,179.83100000128616,acceptable,True,0.6726269721984863
FAN,fear_033,fear,176.11400000168942,acceptable,True,0.7694814801216125
FAN,fear_034,fear,240.19399999815505,wrong,True,0.2359989136457443
FAN,fear_035,fear,174.3581999980961,acceptable,True,0.8289650082588196
FAN,fear_036,fear,163.7510000000475,acceptable,True,0.8337293863296509
FAN,fear_037,fear,161.6305999996257,good,True,0.8171537518501282
FAN,fear_038,fear,161.24919999856502,good,True,0.8219184875488281
FAN,fear_039,fear,202.92699999845357,acceptable,True,0.7959014773368835
FAN,fear_040,fear,155.5856000049971,good,True,0.8448929786682129
FAN,fear_041,fear,188.7404000008246,acceptable,True,0.7657414078712463
FAN,fear_042,fear,171.05580000497866,good,True,0.7546380162239075
FAN,fear_043,fear,156.7051000020001,good,True,0.8209668397903442
FAN,fear_044,fear,152.0001000026241,good,True,0.8283482789993286
FAN,fear_045,fear,173.84609999862732,good,True,0.8089821338653564
FAN,fear_046,fear,191.45189999835569,acceptable,True,0.7711844444274902
FAN,fear_047,fear,155.6893000015407,acceptable,True,0.8343312740325928
FAN,fear_048,fear,215.8041000002413,acceptable,True,0.850089967250824
FAN,fear_049,fear,152.9489000022295,good,True,0.7442070245742798
FAN,fear_050,fear,152.75909999763826,good,True,0.8479437828063965
FAN,happy_001,happy,208.89960000204155,acceptable,True,0.7385241389274597
FAN,happy_002,happy,165.29499999887776,good,True,0.8398776054382324
FAN,happy_003,happy,218.95179999410172,good,True,0.8515877723693848
FAN,happy_004,happy,152.39869999641087,good,True,0.8261092901229858
FAN,happy_005,happy,155.70790000492707,good,True,0.8239330649375916
FAN,happy_006,happy,212.4977999992552,acceptable,True,0.8036928772926331
FAN,happy_007,happy,183.16970000159927,good,True,0.8391910195350647
FAN,happy_008,happy,173.9409000001615,good,True,0.8400107026100159
FAN,happy_009,happy,161.71100000065053,good,True,0.7626839876174927
FAN,happy_010,happy,156.65659999649506,good,True,0.7832847833633423
FAN,happy_011,happy,190.4016999978921,good,True,0.8358351588249207
FAN,happy_012,happy,177.1022000029916,good,True,0.8284922242164612
FAN,happy_013,happy,157.96830000181217,good,True,0.8411413431167603
FAN,happy_014,happy,192.89750000461936,good,True,0.8113055229187012
FAN,happy_015,happy,187.8186999965692,good,True,0.8038422465324402
FAN,happy_016,happy,152.43829999963054,acceptable,True,0.787630021572113
FAN,happy_017,happy,153.08530000038445,good,True,0.8123531341552734
FAN,happy_018,happy,156.60590000334196,acceptable,True,0.8230441808700562
FAN,happy_019,happy,177.112199999101,good,True,0.7786568999290466
FAN,happy_020,happy,155.42550000100164,acceptable,True,0.8512871265411377
FAN,happy_021,happy,160.4275999998208,acceptable,True,0.8169255256652832
FAN,happy_022,happy,154.1854000024614,good,True,0.826793372631073
FAN,happy_023,happy,159.63210000336403,good,True,0.8511467576026917
FAN,happy_024,happy,218.5712999998941,acceptable,True,0.8144437074661255
FAN,happy_025,happy,158.92670000175713,acceptable,True,0.819046676158905
FAN,happy_026,happy,151.86490000633057,acceptable,True,0.7865209579467773
FAN,happy_027,happy,156.9923999995808,good,True,0.8010005354881287
FAN,happy_028,happy,153.0895000032615,good,True,0.8229548335075378
FAN,happy_029,happy,211.753099996713,acceptable,True,0.7378812432289124
FAN,happy_030,happy,188.1639000057476,good,True,0.8292000889778137
FAN,happy_031,happy,171.97589999705087,good,True,0.7958546876907349
FAN,happy_032,happy,158.3496000021114,good,True,0.8122788667678833
FAN,happy_033,happy,153.7322000003769,good,True,0.826392650604248
FAN,happy_034,happy,152.7912000019569,acceptable,True,0.8301720023155212
FAN,happy_035,happy,163.8779999993858,acceptable,True,0.5364073514938354
FAN,happy_036,happy,153.48879999510245,acceptable,True,0.7462811470031738
FAN,happy_037,happy,166.36179999477463,good,True,0.8132729530334473
FAN,happy_038,happy,196.5529000008246,acceptable,True,0.8132241368293762
FAN,happy_039,happy,163.52980000374373,good,True,0.8292403221130371
FAN,happy_040,happy,156.06359999947017,acceptable,True,0.6857019662857056
FAN,happy_041,happy,171.2035000018659,good,True,0.8247355818748474
FAN,happy_042,happy,178.69530000461964,acceptable,True,0.8201786875724792
FAN,happy_043,happy,158.89579999929992,acceptable,True,0.8381738066673279
FAN,happy_044,happy,160.56750000279862,good,True,0.8297975063323975
FAN,happy_045,happy,157.54890000243904,good,True,0.8395761251449585
FAN,happy_046,happy,151.57679999538232,good,True,0.8102055191993713
FAN,happy_047,happy,182.0651000016369,acceptable,True,0.836391031742096
FAN,happy_048,happy,175.6070999981603,acceptable,True,0.8383312225341797
FAN,happy_049,happy,155.78909999749158,good,True,0.8460211157798767
FAN,happy_050,happy,237.42089999723248,acceptable,True,0.8356569409370422
FAN,neutral_001,neutral,158.2328000004054,acceptable,True,0.8120484948158264
FAN,neutral_002,neutral,161.86169999855338,good,True,0.8355011940002441
FAN,neutral_003,neutral,158.2129999951576,acceptable,True,0.810586154460907
FAN,neutral_004,neutral,168.40059999958612,good,True,0.8102285861968994
FAN,neutral_005,neutral,157.4274000013247,acceptable,True,0.7778176665306091
FAN,neutral_006,neutral,159.63270000065677,acceptable,True,0.8041318655014038
FAN,neutral_007,neutral,206.0037999981432,acceptable,True,0.8497289419174194
FAN,neutral_008,neutral,158.1175000028452,good,True,0.847301185131073
FAN,neutral_009,neutral,199.433499998122,good,True,0.8200113773345947
FAN,neutral_010,neutral,156.36839999933727,acceptable,True,0.8353772759437561
FAN,neutral_011,neutral,170.3775999994832,good,True,0.8232094645500183
FAN,neutral_012,neutral,209.37349999439903,acceptable,True,0.7336077690124512
FAN,neutral_013,neutral,196.04989999788813,acceptable,True,0.7570418119430542
FAN,neutral_014,neutral,176.23679999815067,acceptable,True,0.7543624043464661
FAN,neutral_015,neutral,181.42190000071423,good,True,0.8197058439254761
FAN,neutral_016,neutral,159.0619999988121,good,True,0.8145292401313782
FAN,neutral_017,neutral,183.98119999619664,good,True,0.7812870740890503
FAN,neutral_018,neutral,178.4607000008691,good,True,0.8440564870834351
FAN,neutral_019,neutral,230.87179999856744,acceptable,True,0.8223555088043213
FAN,neutral_020,neutral,187.89210000250023,acceptable,True,0.8027389049530029
FAN,neutral_021,neutral,184.72029999975348,acceptable,True,0.7969347834587097
FAN,neutral_022,neutral,180.6291999964742,good,True,0.8087913990020752
FAN,neutral_023,neutral,157.80780000204686,good,True,0.8276833295822144
FAN,neutral_024,neutral,150.87900000071386,acceptable,True,0.827049195766449
FAN,neutral_025,neutral,154.71830000024056,acceptable,True,0.8158907294273376
FAN,neutral_026,neutral,171.36930000560824,acceptable,True,0.6800178289413452
FAN,neutral_027,neutral,152.8007999950205,acceptable,True,0.8287935256958008
FAN,neutral_028,neutral,156.66939999937313,acceptable,True,0.8293013572692871
FAN,neutral_029,neutral,168.95640000439016,acceptable,True,0.8284001350402832
FAN,neutral_030,neutral,187.27510000462644,good,True,0.8386889100074768
FAN,neutral_031,neutral,153.9033000008203,acceptable,True,0.8271125555038452
FAN,neutral_032,neutral,154.22500000568107,good,True,0.7904583811759949
FAN,neutral_033,neutral,212.9312999968533,good,True,0.8165249228477478
FAN,neutral_034,neutral,155.36759999667993,good,True,0.8362999558448792
FAN,neutral_035,neutral,200.9159000008367,acceptable,True,0.8067932724952698
FAN,neutral_036,neutral,152.0334000015282,good,True,0.8351009488105774
FAN,neutral_037,neutral,152.33509999961825,good,True,0.8546868562698364
FAN,neutral_038,neutral,154.60219999658875,acceptable,True,0.799629271030426
FAN,neutral_039,neutral,176.4785999985179,acceptable,True,0.7443618774414062
FAN,neutral_040,neutral,168.46760000044014,good,True,0.8300874829292297
FAN,neutral_041,neutral,173.69370000233175,good,True,0.8405945897102356
FAN,neutral_042,neutral,160.52959999797167,acceptable,True,0.8194373846054077
FAN,neutral_043,neutral,167.48280000319937,acceptable,True,0.8220245838165283
FAN,neutral_044,neutral,165.41420000430662,good,True,0.8338340520858765
FAN,neutral_045,neutral,160.9225000065635,good,True,0.821779727935791
FAN,neutral_046,neutral,169.66900000261376,good,True,0.8305496573448181
FAN,neutral_047,neutral,214.3863000019337,acceptable,True,0.8160942792892456
FAN,neutral_048,neutral,163.29700000642333,acceptable,True,0.8143981695175171
FAN,neutral_049,neutral,175.01769999944372,good,True,0.8107181191444397
FAN,neutral_050,neutral,153.0778000014834,acceptable,True,0.7933473587036133
FAN,sad_001,sad,155.5582999935723,good,True,0.8401364088058472
FAN,sad_002,sad,190.0378999998793,acceptable,True,0.8166979551315308
FAN,sad_003,sad,158.32429999863962,acceptable,True,0.7206241488456726
FAN,sad_004,sad,152.8080999996746,acceptable,True,0.7566838264465332
FAN,sad_005,sad,156.5617999949609,wrong,True,0.4802960157394409
FAN,sad_006,sad,177.47899999812944,acceptable,True,0.855271577835083
FAN,sad_007,sad,155.95269999903394,good,True,0.8565742373466492
FAN,sad_008,sad,181.77450000075623,acceptable,True,0.8157515525817871
FAN,sad_009,sad,191.88260000373705,acceptable,True,0.8580213785171509
FAN,sad_010,sad,160.0730999998632,acceptable,True,0.8025795817375183
FAN,sad_011,sad,180.18750000192085,acceptable,True,0.8073732256889343
FAN,sad_012,sad,155.5616999976337,good,True,0.8068230152130127
FAN,sad_013,sad,150.2018000028329,acceptable,True,0.6352150440216064
FAN,sad_014,sad,172.40469999524066,acceptable,True,0.7794689536094666
FAN,sad_015,sad,157.4687000029371,acceptable,True,0.8169463872909546
FAN,sad_016,sad,158.69989999919198,acceptable,True,0.7923482656478882
FAN,sad_017,sad,161.6626000031829,good,True,0.8165314793586731
FAN,sad_018,sad,203.70839999668533,acceptable,True,0.7863525748252869
FAN,sad_019,sad,162.41009999794187,acceptable,True,0.7770069241523743
FAN,sad_020,sad,179.37829999573296,acceptable,True,0.8181238770484924
FAN,sad_021,sad,162.71899999992456,good,True,0.7423964738845825
FAN,sad_022,sad,162.84319999977015,good,True,0.7913857102394104
FAN,sad_023,sad,155.5822000009357,acceptable,True,0.8177002668380737
FAN,sad_024,sad,153.1408000009833,acceptable,True,0.7834448218345642
FAN,sad_025,sad,169.14230000111274,acceptable,True,0.8059245347976685
FAN,sad_026,sad,165.69420000450918,acceptable,True,0.7785447835922241
FAN,sad_027,sad,161.0151999993832,acceptable,True,0.7080569267272949
FAN,sad_028,sad,157.777200001874,good,True,0.8202759027481079
FAN,sad_029,sad,179.313299995556,good,True,0.8234851360321045
FAN,sad_030,sad,221.2600999991992,acceptable,True,0.834312379360199
FAN,sad_031,sad,155.66250000119908,good,True,0.8172744512557983
FAN,sad_032,sad,190.66070000553736,good,True,0.8005226850509644
FAN,sad_033,sad,158.88089999498334,good,True,0.8131294846534729
FAN,sad_034,sad,158.07520000089426,acceptable,True,0.6239917874336243
FAN,sad_035,sad,157.7054000008502,acceptable,True,0.8372740149497986
FAN,sad_036,sad,159.653899994737,good,True,0.8397068977355957
FAN,sad_037,sad,219.0883000002941,acceptable,True,0.832953929901123
FAN,sad_038,sad,158.05679999903077,acceptable,True,0.6934419870376587
FAN,sad_039,sad,175.15760000242153,good,True,0.7598344087600708
FAN,sad_040,sad,203.3920000030776,acceptable,True,0.4930960237979889
FAN,sad_041,sad,174.10360000212677,acceptable,True,0.8162067532539368
FAN,sad_042,sad,154.93330000026617,acceptable,True,0.7995647192001343
FAN,sad_043,sad,154.43199999572244,acceptable,True,0.8201515078544617
FAN,sad_044,sad,212.3000999999931,acceptable,True,0.7824721932411194
FAN,sad_045,sad,160.20030000072438,good,True,0.8351041674613953
FAN,sad_046,sad,195.25569999677828,good,True,0.8046727180480957
FAN,sad_047,sad,153.5931000034907,acceptable,True,0.8038581609725952
FAN,sad_048,sad,168.49320000619628,acceptable,True,0.8085060715675354
FAN,sad_049,sad,205.134600000747,acceptable,True,0.7574148178100586
FAN,sad_050,sad,155.6369999962044,acceptable,True,0.5382047891616821
FAN,surprise_001,surprise,197.40749999618856,acceptable,True,0.7255735397338867
FAN,surprise_002,surprise,187.85490000300345,acceptable,True,0.6401515603065491
FAN,surprise_003,surprise,160.75529999943683,good,True,0.8110316395759583
FAN,surprise_004,surprise,178.25640000228304,good,True,0.8288481831550598
FAN,surprise_005,surprise,217.30559999559773,good,True,0.7108805775642395
FAN,surprise_006,surprise,156.35179999662796,acceptable,True,0.8216357231140137
FAN,surprise_007,surprise,173.40100000001257,acceptable,True,0.8281068205833435
FAN,surprise_008,surprise,151.6194999931031,acceptable,True,0.6617763638496399
FAN,surprise_009,surprise,151.2217999988934,good,True,0.824821949005127
FAN,surprise_010,surprise,155.4173999975319,acceptable,True,0.7995964288711548
FAN,surprise_011,surprise,157.9295000046841,good,True,0.8037400245666504
FAN,surprise_012,surprise,223.00019999966025,good,True,0.7358808517456055
FAN,surprise_013,surprise,168.04920000140555,good,True,0.8200041055679321
FAN,surprise_014,surprise,179.3760000000475,good,True,0.6853654980659485
FAN,surprise_015,surprise,187.41640000371265,acceptable,True,0.7799811363220215
FAN,surprise_016,surprise,149.97439999569906,good,True,0.6561947464942932
FAN,surprise_017,surprise,162.86309999850346,acceptable,True,0.7917484641075134
FAN,surprise_018,surprise,164.92740000103367,acceptable,True,0.7624121308326721
FAN,surprise_019,surprise,214.9799999970128,good,True,0.8076762557029724
FAN,surprise_020,surprise,156.89190000557574,good,True,0.7058884501457214
FAN,surprise_021,surprise,157.1544999969774,good,True,0.8469069004058838
FAN,surprise_022,surprise,205.5774999971618,acceptable,True,0.798556387424469
FAN,surprise_023,surprise,155.48710000439314,acceptable,True,0.8216941356658936
FAN,surprise_024,surprise,202.7507000020705,good,True,0.806877076625824
FAN,surprise_025,surprise,172.54030000185594,acceptable,True,0.7261369824409485
FAN,surprise_026,surprise,156.85099999973318,good,True,0.7538780570030212
FAN,surprise_027,surprise,153.68660000240197,acceptable,True,0.7549237608909607
FAN,surprise_028,surprise,166.79579999618,acceptable,True,0.7717505693435669
FAN,surprise_029,surprise,158.06290000182344,acceptable,True,0.7928534746170044
FAN,surprise_030,surprise,156.83339999668533,good,True,0.7770687341690063
FAN,surprise_031,surprise,166.74930000590393,good,True,0.8077312111854553
FAN,surprise_032,surprise,238.0886000028113,acceptable,True,0.6030359268188477
FAN,surprise_033,surprise,240.1218999948469,good,True,0.8323044776916504
FAN,surprise_034,surprise,213.76949999830688,acceptable,True,0.7634395956993103
FAN,surprise_035,surprise,194.2994999990333,acceptable,True,0.7299498915672302
FAN,surprise_036,surprise,152.18470000399975,good,True,0.8181135654449463
FAN,surprise_037,surprise,159.76239999872632,acceptable,True,0.5964371562004089
FAN,surprise_038,surprise,190.64520000392804,good,True,0.8168517351150513
FAN,surprise_039,surprise,159.8094000000856,good,True,0.7606958746910095
FAN,surprise_040,surprise,157.4856000006548,good,True,0.8104240894317627
FAN,surprise_041,surprise,189.497700004722,good,True,0.7989402413368225
FAN,surprise_042,surprise,159.11880000203382,acceptable,True,0.7847293615341187
FAN,surprise_043,surprise,178.1254000015906,acceptable,True,0.7602264285087585
FAN,surprise_044,surprise,154.21270000661025,acceptable,True,0.6733612418174744
FAN,surprise_045,surprise,152.58699999685632,good,True,0.8285571336746216
FAN,surprise_046,surprise,157.46080000099028,good,True,0.696295976638794
FAN,surprise_047,surprise,187.39800000184917,acceptable,True,0.8319470286369324
FAN,surprise_048,surprise,160.4695999994874,acceptable,True,0.8318744897842407
FAN,surprise_049,surprise,198.82630000211063,acceptable,True,0.632356584072113
FAN,surprise_050,surprise,156.64300000207732,acceptable,True,0.8301630020141602
