sha256,relative_paths,class_names,reason
00567c7d6e6a818b519975b54a0bee17eab150fda91b951220d6f92f836ee47d,train/disgust/Training_29267008.jpg;train/disgust/Training_46906248.jpg;train/disgust/Training_73889032.jpg;train/fear/Training_25298325.jpg,disgust;fear,conflicting_labels_within_train_sha256_group
099a979fe46008f0ca1a18010a24cacfb8409bbb74458354dc79c46b7217e196,train/fear/Training_8082420.jpg;train/surprise/Training_21598338.jpg,fear;surprise,conflicting_labels_within_train_sha256_group
161a9457d5003123ed0de94a488f3a7f8cc7e1fe3c582c3fbfc11dcc6a38e4df,train/fear/Training_7209365.jpg;train/neutral/Training_58476436.jpg,fear;neutral,conflicting_labels_within_train_sha256_group
24e4ef151fe2569290f421101c336006c5c30dd671f5aa570c61d7f4374ee3e4,train/angry/Training_71646870.jpg;train/sad/Training_93190350.jpg;train/sad/Training_95029336.jpg,angry;sad,conflicting_labels_within_train_sha256_group
26bea2f8e1061751133a59b2ed374700e805e444c09a3b422741a72abfe5eab9,train/happy/Training_94928306.jpg;train/surprise/Training_79485277.jpg,happy;surprise,conflicting_labels_within_train_sha256_group
31b92518b24475f181142b5da8c08bc83f679516f8b2c1dc62ccab69b721273b,train/angry/Training_92732284.jpg;train/fear/Training_51731782.jpg,angry;fear,conflicting_labels_within_train_sha256_group
469343c04b9983c1fb78efd7f69ef8cc18670c22fb82d683af973d99a96316cc,train/angry/Training_81736376.jpg;train/sad/Training_86070061.jpg,angry;sad,conflicting_labels_within_train_sha256_group
55c70ebbe8ff796cf07d3f066812e07fe97e4ae54976720a24ac4b8b453364a2,train/angry/Training_71282551.jpg;train/sad/Training_34443905.jpg,angry;sad,conflicting_labels_within_train_sha256_group
571b411b02fdc2ed88fdeba57fffd0b5cccbb0d89ef8e09aab58004098ae23b8,train/fear/Training_28332840.jpg;train/sad/Training_5499921.jpg,fear;sad,conflicting_labels_within_train_sha256_group
5bc9dbb341c0f99bc1336e46dac92d15845d2e746bf4b4032b3fc99659690f54,train/fear/Training_84271530.jpg;train/sad/Training_25006533.jpg,fear;sad,conflicting_labels_within_train_sha256_group
787dd67d1cd481afff7e182ceb9e46296364be6e6ffa41c6a1e07a99085c15f2,train/fear/Training_49848909.jpg;train/neutral/Training_13952103.jpg;train/neutral/Training_19484835.jpg,fear;neutral,conflicting_labels_within_train_sha256_group
8da50bd29e6229535200069af8c6f958eebe13d7c54fefe550046f746442c195,train/fear/Training_98778307.jpg;train/neutral/Training_25602436.jpg,fear;neutral,conflicting_labels_within_train_sha256_group
95eef42d8688868f7d73c45368d7f91456dcd3c6c939226c3779bf86cf7e5ba7,train/angry/Training_10857340.jpg;train/sad/Training_33162240.jpg,angry;sad,conflicting_labels_within_train_sha256_group
9ef36a0584f2571dd4ce3c1403ea860bd3cdb8c1aeb3e4aa848fb830a95abfb5,train/angry/Training_5266938.jpg;train/neutral/Training_6666393.jpg,angry;neutral,conflicting_labels_within_train_sha256_group
a98683783945883d90d5d35347589334cf45dbede6dca5187f24d312335e6676,train/fear/Training_14147384.jpg;train/sad/Training_13319523.jpg,fear;sad,conflicting_labels_within_train_sha256_group
aa44b8078ff3cbb085efd0665a73a6424b93abceb79a180ddacb2e3daa6bc59a,train/disgust/Training_27574839.jpg;train/surprise/Training_27057543.jpg;train/surprise/Training_5384838.jpg;train/surprise/Training_67971518.jpg,disgust;surprise,conflicting_labels_within_train_sha256_group
b75410acf715d28a09dd71341ce270b2c5210e1bc02f4c2e56e38a3dd5dff37f,train/neutral/Training_20860064.jpg;train/sad/Training_78533904.jpg,neutral;sad,conflicting_labels_within_train_sha256_group
bc7135f505198e95b1ca13b9139a095d17fc4d50730612ae865154b48e5908e7,train/angry/Training_59410566.jpg;train/fear/Training_18757160.jpg,angry;fear,conflicting_labels_within_train_sha256_group
be5fd1442a5f0cc90f03944738969aadad1c929bba2107308d936e8c261fc29a,train/angry/Training_29384255.jpg;train/sad/Training_77595440.jpg,angry;sad,conflicting_labels_within_train_sha256_group
c2466d48bcf81d59de2177852c6932f6c94b83405370d011631fe630b52b720f,train/fear/Training_62875184.jpg;train/surprise/Training_50815216.jpg;train/surprise/Training_51008998.jpg,fear;surprise,conflicting_labels_within_train_sha256_group
c3c6c4fb6002cd5df3076f83ccbe18e0ae9ff61095e9219cdac9cec124490fea,train/fear/Training_61607854.jpg;train/fear/Training_95223309.jpg;train/sad/Training_85286134.jpg,fear;sad,conflicting_labels_within_train_sha256_group
cf0d85f4c5d319bcf98e6c2fa47dd153bc775cd5d53b0cee9e17fcadd4c36ba7,train/fear/Training_95389837.jpg;train/surprise/Training_82492123.jpg,fear;surprise,conflicting_labels_within_train_sha256_group
d5c76b1e809242720e3c473f7e511503c1953a61687a670618a6a82679ea31b2,train/angry/Training_24511742.jpg;train/angry/Training_96661811.jpg;train/sad/Training_14784369.jpg,angry;sad,conflicting_labels_within_train_sha256_group
da8382639d0fdf204f3b199066dc7a94045cd3c7763dfc3a1f7b1a0f7c609b31,train/angry/Training_13919685.jpg;train/fear/Training_19944949.jpg,angry;fear,conflicting_labels_within_train_sha256_group
db5e871f29e6259ffd7d7c86e71ed14b658bf4edc5e1b74a4835ce2eceea038f,train/fear/Training_73498575.jpg;train/surprise/Training_5397902.jpg;train/surprise/Training_6432132.jpg;train/surprise/Training_79184422.jpg,fear;surprise,conflicting_labels_within_train_sha256_group
e056fef4ba9952da6befb987bdde35767d7c7622c0ca9e54d2e0431a742a291a,train/angry/Training_96520454.jpg;train/sad/Training_70536939.jpg,angry;sad,conflicting_labels_within_train_sha256_group
e154f25905db0102df406a7784828b3e3371d0df20178da0f1a09049a134406b,train/angry/Training_41634629.jpg;train/fear/Training_71042019.jpg,angry;fear,conflicting_labels_within_train_sha256_group
e55f143bce37518b76a04816d36b333be8f924e0a104da32090213d1a1017d82,train/angry/Training_67213645.jpg;train/surprise/Training_16801148.jpg;train/surprise/Training_33954174.jpg,angry;surprise,conflicting_labels_within_train_sha256_group
f03a83e83a0ff20ad585621e3fd0cbfebb759139131150a512b6578100c4664e,train/angry/Training_70731802.jpg;train/neutral/Training_85804759.jpg,angry;neutral,conflicting_labels_within_train_sha256_group
f95bb184ff045216dfc736ca70dafb0c40a5a3d6e824c8ad9e89a363fb7d65aa,train/fear/Training_68057622.jpg;train/surprise/Training_72067308.jpg;train/surprise/Training_73695325.jpg,fear;surprise,conflicting_labels_within_train_sha256_group
